locationid,stateabbr,locationname,totalpopulation,High blood pressure,Current smoking,Diabetes,Physical inactivity,Obesity
01001,AL,Autauga,60342,42.0,14.5,13.3,27.0,39.8
01003,AL,Baldwin,253507,43.8,13.0,13.4,25.4,35.2
01005,AL,Barbour,24585,50.2,20.2,19.6,36.2,46.8
01007,AL,Bibb,21868,46.3,19.7,16.2,33.3,43.9
01009,AL,Blount,59816,41.2,16.6,13.8,29.1,36.1
01011,AL,Bullock,9897,56.6,24.7,24.6,44.2,51.3
01013,AL,Butler,18382,51.0,18.3,18.9,37.1,40.4
01015,AL,Calhoun,116429,44.8,16.3,14.8,31.9,38.6
01017,AL,Chambers,34079,48.7,17.7,17.9,34.3,41.5
01019,AL,Cherokee,25666,45.9,17.5,16.0,31.4,39.5
01021,AL,Chilton,46431,43.1,16.9,14.1,31.1,40.0
01023,AL,Choctaw,12252,52.7,18.2,20.1,36.4,44.4
01025,AL,Clarke,22337,49.5,17.7,18.4,34.4,43.9
01027,AL,Clay,14111,47.6,18.2,16.5,32.7,42.5
01029,AL,Cleburne,15639,42.9,17.8,14.6,30.5,37.4
01031,AL,Coffee,55643,43.5,16.6,14.8,29.9,41.0
01033,AL,Colbert,58361,44.3,16.2,15.0,28.6,37.5
01035,AL,Conecuh,11174,54.7,20.5,22.1,39.4,46.4
01037,AL,Coosa,10268,50.2,17.8,18.6,33.5,41.9
01039,AL,Covington,37952,46.4,17.6,16.3,31.9,37.9
01041,AL,Crenshaw,13101,46.6,18.1,16.6,32.6,40.5
01043,AL,Cullman,92016,42.3,16.6,13.4,27.3,36.4
01045,AL,Dale,49871,44.3,17.5,15.8,31.7,41.3
01047,AL,Dallas,36165,55.2,19.5,22.4,38.0,46.3
01049,AL,DeKalb,72569,44.5,19.6,15.7,33.8,38.6
01051,AL,Elmore,90441,41.6,15.1,13.0,26.2,38.9
01053,AL,Escambia,36558,48.6,21.2,18.5,35.7,43.9
01055,AL,Etowah,103241,46.3,17.8,16.3,33.3,43.8
01057,AL,Fayette,15967,47.6,18.7,16.6,32.7,40.6
01059,AL,Franklin,31802,44.4,19.2,16.4,33.9,42.2
01061,AL,Geneva,26988,45.5,19.4,16.4,32.0,42.3
01063,AL,Greene,7341,59.8,22.3,27.1,44.7,52.7
01065,AL,Hale,14888,51.1,18.9,19.7,36.0,47.6
01067,AL,Henry,17899,48.1,16.6,16.7,31.4,41.3
01069,AL,Houston,108462,44.5,16.0,15.7,29.0,40.5
01071,AL,Jackson,53467,45.9,19.0,16.0,32.5,39.3
01073,AL,Jefferson,662895,42.7,13.7,15.1,28.0,37.4
01075,AL,Lamar,13661,47.7,18.8,16.7,32.3,40.8
01077,AL,Lauderdale,96814,39.6,14.2,12.9,26.7,35.6
01079,AL,Lawrence,33502,44.3,18.5,15.5,31.1,39.5
01081,AL,Lee,183215,37.5,12.9,12.5,25.0,38.4
01083,AL,Limestone,114654,40.7,14.2,12.5,25.4,39.6
01085,AL,Lowndes,9717,56.5,21.6,24.1,41.4,51.2
01087,AL,Macon,18370,50.6,15.6,20.0,35.2,46.7
01089,AL,Madison,412600,38.6,11.8,12.1,22.7,39.9
01091,AL,Marengo,18684,51.5,17.5,19.8,34.6,43.1
01093,AL,Marion,29244,45.9,18.5,15.5,32.2,42.4
01095,AL,Marshall,100756,41.7,16.6,14.5,30.8,37.6
01097,AL,Mobile,411640,43.1,15.4,16.1,30.7,39.0
01099,AL,Monroe,19229,51.3,19.7,19.7,36.8,43.8
01101,AL,Montgomery,224980,46.3,14.4,16.4,30.6,46.1
01103,AL,Morgan,125133,44.5,16.1,14.7,29.8,38.6
01105,AL,Perry,7738,56.9,21.9,24.6,42.1,52.9
01107,AL,Pickens,18688,48.3,18.7,18.0,34.8,48.0
01109,AL,Pike,33137,40.6,14.9,14.1,28.1,40.3
01111,AL,Randolph,22786,46.1,16.9,16.1,30.0,37.8
01113,AL,Russell,58744,46.7,18.1,17.3,33.2,43.0
01115,AL,St. Clair,95552,41.8,15.2,13.0,27.6,39.6
01117,AL,Shelby,233000,40.2,10.5,11.2,20.7,31.7
01119,AL,Sumter,11727,50.0,16.3,19.7,35.6,47.2
01121,AL,Talladega,81132,48.2,17.7,17.2,32.6,45.6
01123,AL,Tallapoosa,40677,48.5,16.3,16.8,30.0,39.5
01125,AL,Tuscaloosa,237373,38.9,13.6,12.0,25.9,41.0
01127,AL,Walker,64728,44.1,18.4,15.1,32.2,35.8
01129,AL,Washington,15022,47.4,17.3,17.0,31.9,41.1
01131,AL,Wilcox,9944,56.7,21.6,23.8,41.2,51.2
01133,AL,Winston,23611,46.9,19.6,16.5,34.1,39.1
02013,AK,Aleutians East,3461,33.2,17.0,12.8,28.7,30.7
02016,AK,Aleutians West,5160,30.7,16.2,10.8,25.2,31.9
02020,AK,Anchorage,286075,31.5,14.0,8.9,19.8,35.0
02050,AK,Bethel,18224,37.5,31.0,13.8,33.3,39.1
02060,AK,Bristol Bay,844,36.3,16.5,11.3,22.2,34.9
02063,AK,Chugach,6769,33.4,14.8,9.6,20.9,31.1
02066,AK,Copper River,2674,38.3,17.8,11.4,23.2,33.6
02068,AK,Denali,1584,32.0,16.3,8.6,20.9,31.3
02070,AK,Dillingham,4607,34.4,25.7,13.0,29.1,38.5
02090,AK,Fairbanks North Star,94840,30.3,13.8,7.9,21.2,35.3
02100,AK,Haines,2070,38.5,13.8,10.8,20.1,34.0
02105,AK,Hoonah-Angoon,2262,42.8,19.5,14.8,26.6,37.1
02110,AK,Juneau,31555,32.4,13.9,8.9,17.5,35.0
02122,AK,Kenai Peninsula,61223,35.4,16.1,9.8,21.5,32.3
02130,AK,Ketchikan Gateway,13738,34.8,15.9,10.1,21.9,37.7
02150,AK,Kodiak Island,12565,31.0,15.0,9.8,22.7,31.5
02158,AK,Kusilvak,8001,38.5,36.6,16.5,37.0,46.5
02164,AK,Lake and Peninsula,1331,38.2,24.7,14.6,29.4,39.4
02170,AK,Matanuska-Susitna,115239,32.0,17.3,9.0,22.7,37.5
02180,AK,Nome,9763,33.6,28.7,13.0,29.3,38.6
02185,AK,North Slope,10603,34.9,20.8,10.8,23.6,42.3
02188,AK,Northwest Arctic,7361,36.8,28.3,14.1,30.2,40.6
02195,AK,Petersburg,3427,35.6,14.9,10.5,21.6,30.8
02198,AK,Prince of Wales-Hyder,5696,39.4,22.0,14.0,26.5,38.4
02220,AK,Sitka,8282,33.7,13.8,9.9,19.2,29.8
02230,AK,Skagway,1095,33.6,15.4,9.1,20.8,36.2
02240,AK,Southeast Fairbanks,7077,35.5,18.3,10.2,25.8,35.7
02275,AK,Wrangell,2064,40.8,17.0,12.9,24.6,34.8
02282,AK,Yakutat,687,40.5,20.5,13.7,27.0,35.4
02290,AK,Yukon-Koyukuk,5129,41.4,27.4,16.5,29.4,36.9
04001,AZ,Apache,65036,36.0,22.4,17.5,28.7,35.8
04003,AZ,Cochise,124640,39.0,12.8,13.7,26.0,31.2
04005,AZ,Coconino,144472,27.0,11.5,9.3,16.0,23.6
04007,AZ,Gila,54003,39.3,15.4,15.0,27.4,31.4
04009,AZ,Graham,39525,32.2,15.2,11.4,25.6,36.0
04011,AZ,Greenlee,9369,29.8,11.6,10.6,23.4,33.1
04012,AZ,La Paz,16710,46.3,14.1,17.5,32.1,33.2
04013,AZ,Maricopa,4585871,30.8,10.8,10.6,20.4,30.4
04015,AZ,Mohave,223682,42.0,16.1,14.2,29.7,32.7
04017,AZ,Navajo,109175,40.7,18.8,15.1,26.4,37.6
04019,AZ,Pima,1063162,34.1,10.5,11.0,22.3,31.1
04021,AZ,Pinal,484239,36.2,12.3,12.9,25.5,38.4
04023,AZ,Santa Cruz,49158,35.7,11.6,15.5,31.4,34.2
04025,AZ,Yavapai,249081,38.0,12.0,12.1,22.5,27.0
04027,AZ,Yuma,213221,35.3,12.7,14.5,28.5,37.4
05001,AR,Arkansas,16307,45.4,17.3,15.2,35.6,39.1
05003,AR,Ashley,18262,49.4,20.0,18.3,41.9,45.1
05005,AR,Baxter,42875,47.0,16.6,15.0,33.4,37.7
05007,AR,Benton,311013,32.8,11.7,10.3,25.7,35.3
05009,AR,Boone,38530,40.7,16.4,13.1,30.8,40.7
05011,AR,Bradley,10104,48.7,18.9,17.6,40.3,42.5
05013,AR,Calhoun,4641,45.5,16.0,14.6,33.8,39.2
05015,AR,Carroll,28814,45.3,17.0,15.0,36.8,37.6
05017,AR,Chicot,9538,53.0,19.7,20.5,42.2,47.1
05019,AR,Clark,21274,40.3,15.0,12.9,32.1,40.0
05021,AR,Clay,14201,43.3,18.3,14.1,35.8,40.2
05023,AR,Cleburne,25445,45.3,17.4,15.1,34.6,37.9
05025,AR,Cleveland,7378,46.5,17.7,15.0,34.6,42.4
05027,AR,Columbia,22150,42.8,16.1,14.4,34.5,37.7
05029,AR,Conway,21077,46.8,18.8,15.6,36.5,41.4
05031,AR,Craighead,113993,39.1,15.8,11.6,31.0,39.1
05033,AR,Crawford,61891,41.9,16.8,13.0,31.2,38.8
05035,AR,Crittenden,47139,47.4,18.5,16.5,38.7,46.7
05037,AR,Cross,16420,46.5,19.8,16.1,38.6,45.0
05039,AR,Dallas,6185,49.8,16.3,17.1,37.8,41.9
05041,AR,Desha,10479,52.8,22.3,21.2,46.2,46.6
05043,AR,Drew,16945,44.7,17.4,15.2,35.8,43.8
05045,AR,Faulkner,129951,35.4,13.6,10.8,26.6,39.8
05047,AR,Franklin,17468,44.6,19.5,14.6,35.5,39.8
05049,AR,Fulton,12421,49.1,20.4,17.1,37.8,39.6
05051,AR,Garland,99784,45.8,15.5,14.8,30.7,39.1
05053,AR,Grant,18383,40.2,15.6,12.0,29.6,36.9
05055,AR,Greene,46743,42.5,18.5,12.5,35.0,42.3
05057,AR,Hempstead,19343,46.2,17.7,16.6,39.7,45.6
05059,AR,Hot Spring,33258,43.3,18.6,13.9,34.4,37.1
05061,AR,Howard,12533,44.3,17.1,15.2,36.0,39.4
05063,AR,Independence,38320,41.3,17.1,13.4,35.3,41.6
05065,AR,Izard,14169,47.6,19.8,15.9,37.3,41.2
05067,AR,Jackson,16784,44.4,21.1,15.4,39.5,43.9
05069,AR,Jefferson,63661,50.9,17.3,17.6,38.1,45.9
05071,AR,Johnson,26129,42.5,18.3,14.6,36.8,37.4
05073,AR,Lafayette,6095,52.6,21.5,20.6,43.5,46.0
05075,AR,Lawrence,16318,43.7,19.8,14.4,36.3,43.7
05077,AR,Lee,8201,51.7,22.3,19.7,42.9,46.9
05079,AR,Lincoln,12898,43.2,19.9,13.8,36.2,42.6
05081,AR,Little River,11805,46.3,17.8,15.7,36.9,41.3
05083,AR,Logan,21400,44.9,18.0,14.4,33.8,38.1
05085,AR,Lonoke,75944,39.0,16.0,11.3,31.0,36.1
05087,AR,Madison,17775,44.1,19.0,13.9,35.2,40.8
05089,AR,Marion,17514,46.3,18.0,16.4,34.8,37.9
05091,AR,Miller,42415,44.8,19.1,15.3,37.9,38.1
05093,AR,Mississippi,38663,46.4,18.8,15.2,36.7,46.6
05095,AR,Monroe,6512,52.3,19.1,19.1,39.6,43.5
05097,AR,Montgomery,8620,47.8,17.8,16.4,36.0,40.9
05099,AR,Nevada,8120,51.0,20.4,18.3,40.8,44.0
05101,AR,Newton,7071,47.4,17.8,15.3,34.2,38.6
05103,AR,Ouachita,21793,49.5,18.2,17.7,38.0,43.5
05105,AR,Perry,10184,43.8,17.6,14.1,34.2,38.9
05107,AR,Phillips,14961,55.6,21.0,21.7,44.1,48.4
05109,AR,Pike,10208,44.3,17.4,14.4,34.4,38.3
05111,AR,Poinsett,22397,43.0,20.4,14.6,38.7,41.4
05113,AR,Polk,19436,44.8,18.6,15.5,35.8,40.0
05115,AR,Pope,64593,38.7,16.4,12.7,33.7,44.6
05117,AR,Prairie,8036,46.7,17.3,15.1,34.9,40.3
05119,AR,Pulaski,400009,42.2,13.4,12.9,29.1,40.5
05121,AR,Randolph,18907,43.6,20.0,14.7,37.9,41.4
05123,AR,St. Francis,22101,50.1,21.8,18.9,42.5,48.2
05125,AR,Saline,129574,40.0,14.2,11.3,29.1,34.5
05127,AR,Scott,9851,44.1,18.5,14.8,36.7,37.0
05129,AR,Searcy,7806,49.3,20.9,17.6,38.6,39.9
05131,AR,Sebastian,129098,40.7,16.1,13.1,33.3,36.2
05133,AR,Sevier,15632,40.2,18.8,15.2,40.6,41.4
05135,AR,Sharp,17968,46.7,19.3,16.2,37.7,39.4
05137,AR,Stone,12671,47.9,19.7,17.0,37.9,39.8
05139,AR,Union,37397,46.4,17.6,16.0,36.2,39.4
05141,AR,Van Buren,16142,47.4,19.3,16.2,37.0,39.6
05143,AR,Washington,261549,34.6,13.4,10.1,27.5,35.4
05145,AR,White,78452,40.4,17.4,12.6,32.5,39.7
05147,AR,Woodruff,5964,49.8,20.2,18.3,40.7,39.2
05149,AR,Yell,20044,43.5,18.4,14.7,35.5,42.0
06001,CA,Alameda,1622188,28.5,9.3,11.0,20.6,22.8
06003,CA,Alpine,1141,35.7,11.0,11.6,19.4,28.4
06005,CA,Amador,41811,37.6,12.2,11.8,22.7,29.6
06007,CA,Butte,207172,32.2,12.8,10.7,22.8,29.3
06009,CA,Calaveras,46565,37.8,13.4,13.2,24.8,29.8
06011,CA,Colusa,22037,32.0,13.4,13.4,30.3,35.0
06013,CA,Contra Costa,1155025,31.2,9.3,11.3,23.7,28.0
06015,CA,Del Norte,26589,36.0,15.0,12.5,25.6,31.0
06017,CA,El Dorado,192215,33.6,10.4,10.8,19.5,27.7
06019,CA,Fresno,1017162,31.7,13.2,12.7,30.9,37.7
06021,CA,Glenn,28129,32.7,13.9,12.6,28.0,32.1
06023,CA,Humboldt,133985,32.9,14.2,11.4,23.7,31.3
06025,CA,Imperial,179057,33.2,12.9,15.0,35.2,34.7
06027,CA,Inyo,18527,35.1,12.0,12.4,22.9,28.2
06029,CA,Kern,913820,32.0,14.6,13.3,31.9,36.0
06031,CA,Kings,152682,30.4,14.8,12.1,30.4,34.7
06033,CA,Lake,67878,39.6,15.2,14.1,27.8,32.7
06035,CA,Lassen,28861,33.7,15.9,11.5,26.1,34.2
06037,CA,Los Angeles,9663345,30.2,11.2,12.6,26.2,26.5
06039,CA,Madera,162858,33.2,14.8,13.5,31.7,36.5
06041,CA,Marin,254407,32.6,8.2,10.2,18.2,21.3
06043,CA,Mariposa,16919,39.0,12.6,13.5,24.6,30.5
06045,CA,Mendocino,89108,38.5,14.3,13.7,26.0,29.3
06047,CA,Merced,291920,31.2,14.1,13.0,33.2,33.8
06049,CA,Modoc,8500,41.3,14.8,14.9,27.5,31.9
06051,CA,Mono,13066,31.5,11.7,10.5,21.5,31.2
06053,CA,Monterey,430723,32.0,11.9,12.5,27.0,31.1
06055,CA,Napa,133216,33.0,10.4,11.4,23.5,27.9
06057,CA,Nevada,102037,37.5,11.0,11.5,20.4,27.5
06059,CA,Orange,3135755,29.1,9.2,11.5,24.1,23.9
06061,CA,Placer,423561,32.7,9.4,9.8,19.1,27.3
06063,CA,Plumas,19131,40.4,13.0,13.5,24.0,29.9
06065,CA,Riverside,2492442,33.3,11.5,12.4,27.3,36.8
06067,CA,Sacramento,1584288,30.9,11.8,11.2,21.5,29.6
06069,CA,San Benito,68175,29.9,10.9,11.3,25.3,31.5
06071,CA,San Bernardino,2195611,31.9,12.3,12.1,26.3,33.3
06073,CA,San Diego,3269973,28.7,10.0,10.0,20.6,25.3
06075,CA,San Francisco,808988,27.0,8.8,10.2,19.2,17.2
06077,CA,San Joaquin,800965,30.4,12.6,12.3,26.1,30.7
06079,CA,San Luis Obispo,281639,31.8,10.2,10.0,20.1,26.1
06081,CA,San Mateo,726353,29.2,8.0,10.6,20.2,22.3
06083,CA,Santa Barbara,441257,30.4,10.7,10.8,24.1,26.1
06085,CA,Santa Clara,1877592,27.0,8.1,10.5,22.2,21.9
06087,CA,Santa Cruz,261547,30.5,10.0,10.2,20.7,25.8
06089,CA,Shasta,180366,35.9,13.8,11.7,22.2,29.3
06091,CA,Sierra,3200,42.8,15.1,15.3,27.3,32.5
06093,CA,Siskiyou,42905,39.4,14.4,13.9,25.8,31.8
06095,CA,Solano,449218,33.3,11.3,12.1,25.1,31.3
06097,CA,Sonoma,481812,31.6,10.6,10.7,21.2,26.1
06099,CA,Stanislaus,551430,31.8,13.4,11.9,30.3,36.4
06101,CA,Sutter,97948,33.3,13.9,12.8,27.7,29.5
06103,CA,Tehama,64896,35.9,15.1,13.0,27.4,31.6
06105,CA,Trinity,15670,43.7,16.9,15.9,28.4,33.3
06107,CA,Tulare,479468,31.2,14.0,13.1,32.6,35.0
06109,CA,Tuolumne,54204,36.8,12.3,12.1,23.0,29.0
06111,CA,Ventura,829590,30.7,10.4,11.4,23.6,25.7
06113,CA,Yolo,220544,26.0,9.8,9.3,22.4,25.7
06115,CA,Yuba,85722,30.9,14.5,11.3,26.0,30.8
08001,CO,Adams,533365,27.3,13.4,9.7,22.8,33.2
08003,CO,Alamosa,16655,29.0,12.7,11.3,23.9,30.3
08005,CO,Arapahoe,656061,27.8,10.5,8.5,18.0,26.1
08007,CO,Archuleta,14189,35.4,12.0,11.7,19.7,27.6
08009,CO,Baca,3344,37.8,16.9,13.4,26.0,29.9
08011,CO,Bent,5681,36.9,20.0,14.7,29.9,33.7
08013,CO,Boulder,326831,21.9,8.8,7.1,12.1,16.7
08014,CO,Broomfield,76860,24.5,8.7,7.1,13.5,22.3
08015,CO,Chaffee,20617,32.3,12.1,10.2,18.0,25.7
08017,CO,Cheyenne,1727,33.8,13.9,11.3,21.2,28.8
08019,CO,Clear Creek,9147,30.3,10.1,9.0,15.2,23.9
08021,CO,Conejos,7521,32.9,13.0,13.8,26.0,30.3
08023,CO,Costilla,3628,38.1,13.5,17.0,28.7,31.6
08025,CO,Crowley,5636,31.0,18.0,11.0,25.2,31.7
08027,CO,Custer,5534,38.2,12.2,12.4,19.6,26.6
08029,CO,Delta,31746,37.5,14.5,12.4,22.9,26.7
08031,CO,Denver,716577,21.7,10.3,7.1,17.0,21.6
08033,CO,Dolores,2513,35.1,14.9,11.5,21.1,27.3
08035,CO,Douglas,383906,25.8,7.8,6.8,13.7,25.3
08037,CO,Eagle,54381,25.2,10.3,8.5,16.3,24.3
08039,CO,Elbert,28806,29.9,11.2,8.9,16.2,24.8
08041,CO,El Paso,744215,28.1,10.7,8.7,18.8,28.3
08043,CO,Fremont,50318,32.6,15.5,11.4,22.9,30.6
08045,CO,Garfield,62707,27.2,12.2,8.9,18.6,24.0
08047,CO,Gilpin,5926,31.1,11.4,9.6,16.2,25.5
08049,CO,Grand,15935,29.8,11.8,9.1,16.6,24.3
08051,CO,Gunnison,17321,24.2,9.6,7.1,14.2,23.8
08053,CO,Hinsdale,765,34.1,8.4,10.0,15.0,23.5
08055,CO,Huerfano,7055,37.6,12.9,13.9,23.7,27.5
08057,CO,Jackson,1309,38.8,16.9,13.9,25.2,30.0
08059,CO,Jefferson,576366,27.7,9.9,8.3,13.3,23.1
08061,CO,Kiowa,1384,36.1,13.8,11.8,21.7,27.1
08063,CO,Kit Carson,6994,33.3,14.5,11.4,22.9,29.4
08065,CO,Lake,7365,26.4,10.2,8.4,17.0,23.9
08067,CO,La Plata,56407,28.6,11.7,9.3,16.1,20.9
08069,CO,Larimer,370771,25.6,9.6,7.3,13.9,23.5
08071,CO,Las Animas,14348,35.5,13.7,13.7,26.0,32.5
08073,CO,Lincoln,5480,32.6,15.5,10.8,23.4,29.8
08075,CO,Logan,20619,33.6,16.0,11.2,23.5,29.7
08077,CO,Mesa,159681,31.1,12.7,9.8,20.0,29.8
08079,CO,Mineral,944,34.3,10.5,10.5,16.6,25.7
08081,CO,Moffat,13327,32.3,15.6,10.8,22.1,28.5
08083,CO,Montezuma,26531,33.9,14.7,11.8,22.0,28.4
08085,CO,Montrose,44156,34.1,13.4,11.5,21.6,27.5
08087,CO,Morgan,29524,31.6,13.8,10.9,23.3,32.1
08089,CO,Otero,18136,35.6,15.3,14.5,27.6,34.6
08091,CO,Ouray,5176,34.0,9.1,10.0,15.3,23.3
08093,CO,Park,18117,32.7,11.3,10.2,16.0,23.5
08095,CO,Phillips,4476,34.1,14.3,11.9,24.0,28.9
08097,CO,Pitkin,16640,28.8,8.3,8.4,13.7,20.7
08099,CO,Prowers,11751,32.5,15.0,12.6,26.3,29.2
08101,CO,Pueblo,169422,32.2,13.9,12.3,26.8,32.1
08103,CO,Rio Blanco,6569,31.1,13.1,9.6,18.9,26.7
08105,CO,Rio Grande,11188,33.4,12.5,12.2,23.2,27.7
08107,CO,Routt,25064,27.9,10.2,8.3,15.3,23.7
08109,CO,Saguache,6688,38.3,14.6,15.1,25.9,29.1
08111,CO,San Juan,802,32.4,11.2,10.2,17.4,26.4
08113,CO,San Miguel,7868,28.7,9.8,8.7,14.9,26.3
08115,CO,Sedgwick,2299,37.8,13.6,13.0,23.1,28.0
08117,CO,Summit,30465,26.3,10.5,7.9,15.3,24.4
08119,CO,Teller,24617,33.4,11.3,10.2,17.0,24.1
08121,CO,Washington,4855,32.6,13.4,10.5,20.2,26.4
08123,CO,Weld,359442,27.8,12.7,9.5,20.6,33.8
08125,CO,Yuma,9862,31.4,13.9,10.9,22.7,28.4
09110,CT,Capitol,975328,32.5,11.1,11.0,25.1,31.9
09120,CT,Greater Bridgeport,327651,30.6,10.7,10.3,27.6,28.1
09130,CT,Lower Connecticut River Valley,176215,33.5,9.8,9.4,21.0,29.0
09140,CT,Naugatuck Valley,456128,33.3,11.8,10.6,26.7,32.5
09150,CT,Northeastern Connecticut,96692,35.1,13.2,10.3,26.3,33.3
09160,CT,Northwest Hills,113463,32.4,10.9,10.0,23.4,28.2
09170,CT,South Central Connecticut,568158,32.8,10.8,10.4,26.5,33.4
09180,CT,Southeastern Connecticut,279634,34.4,10.8,10.0,26.3,32.5
09190,CT,Western Connecticut,623907,28.2,8.5,8.5,22.1,24.7
10001,DE,Kent,189789,39.5,13.5,14.3,31.6,43.5
10003,DE,New Castle,578592,35.2,11.6,12.2,25.5,33.4
10005,DE,Sussex,263509,43.4,14.0,14.2,27.9,33.8
11001,DC,District of Columbia,678972,28.5,9.4,7.8,14.9,24.7
12001,FL,Alachua,285994,30.7,11.2,10.5,21.0,30.9
12003,FL,Baker,28368,36.7,16.6,12.3,27.7,35.3
12005,FL,Bay,190769,37.7,14.6,11.9,25.3,33.4
12007,FL,Bradford,27858,38.5,19.3,14.4,32.0,34.9
12009,FL,Brevard,643979,38.8,12.5,13.1,23.8,34.0
12011,FL,Broward,1962531,36.3,11.8,13.5,26.4,30.6
12013,FL,Calhoun,13470,40.3,20.2,15.2,32.7,40.0
12015,FL,Charlotte,206134,45.1,12.8,15.6,25.3,30.6
12017,FL,Citrus,166696,42.6,15.2,15.8,28.8,32.3
12019,FL,Clay,232439,36.9,13.5,12.2,25.4,34.9
12021,FL,Collier,404310,39.2,10.3,13.7,24.6,26.6
12023,FL,Columbia,73063,41.5,18.2,15.1,31.5,39.7
12027,FL,DeSoto,35979,42.4,19.6,17.6,38.6,41.0
12029,FL,Dixie,17465,43.3,20.0,16.1,32.4,34.7
12031,FL,Duval,1030822,35.4,13.9,12.8,27.1,34.3
12033,FL,Escambia,326928,38.8,14.2,12.8,26.1,35.8
12035,FL,Flagler,131439,39.2,12.2,13.7,24.5,30.6
12037,FL,Franklin,12594,44.0,16.6,15.3,29.4,32.3
12039,FL,Gadsden,43833,44.6,18.6,19.2,31.4,44.6
12041,FL,Gilchrist,19587,36.3,17.0,12.8,27.4,34.5
12043,FL,Glades,12786,44.0,19.7,17.7,36.1,37.1
12045,FL,Gulf,15693,40.5,15.5,14.1,27.4,35.3
12047,FL,Hamilton,13471,44.3,20.6,17.6,32.9,41.5
12049,FL,Hardee,25760,36.9,17.6,15.6,33.9,39.9
12051,FL,Hendry,43333,37.2,17.4,16.8,38.1,37.6
12053,FL,Hernando,212807,38.5,14.3,14.9,27.7,36.1
12055,FL,Highlands,107614,46.1,14.3,18.3,33.3,36.7
12057,FL,Hillsborough,1535564,34.4,12.1,12.5,23.9,31.6
12059,FL,Holmes,19944,41.0,19.2,14.5,29.5,36.3
12061,FL,Indian River,169795,40.0,11.5,14.3,25.0,26.6
12063,FL,Jackson,48622,41.9,19.0,15.6,31.7,38.7
12065,FL,Jefferson,15450,46.3,17.1,16.3,28.3,35.1
12067,FL,Lafayette,8078,39.4,19.3,14.6,31.6,34.7
12069,FL,Lake,424462,38.9,12.3,14.5,26.1,35.3
12071,FL,Lee,834573,39.6,11.9,14.5,26.6,30.4
12073,FL,Leon,296913,32.6,11.3,10.6,22.6,33.1
12075,FL,Levy,46545,42.6,17.8,16.1,30.4,33.8
12077,FL,Liberty,7706,39.5,19.3,14.3,31.8,44.5
12079,FL,Madison,18519,43.9,18.8,16.8,32.5,38.0
12081,FL,Manatee,441095,39.5,12.4,14.0,25.4,32.1
12083,FL,Marion,409959,40.9,14.8,14.9,26.6,36.4
12085,FL,Martin,163315,37.0,11.4,13.6,23.5,27.0
12086,FL,Miami-Dade,2686867,33.8,11.3,15.4,32.5,29.5
12087,FL,Monroe,80614,38.0,12.0,13.2,23.8,25.8
12089,FL,Nassau,101501,36.9,12.4,11.6,20.2,33.7
12091,FL,Okaloosa,218464,32.7,12.8,10.8,22.8,30.7
12093,FL,Okeechobee,41427,41.4,18.2,15.6,32.0,43.9
12095,FL,Orange,1471416,32.0,11.9,11.7,24.5,33.5
12097,FL,Osceola,437784,34.8,11.8,13.4,28.2,39.8
12099,FL,Palm Beach,1533801,36.3,11.2,13.7,25.6,26.6
12101,FL,Pasco,632996,38.2,13.5,12.8,26.5,31.8
12103,FL,Pinellas,961596,37.3,12.2,13.1,23.9,31.5
12105,FL,Polk,818330,36.2,14.4,13.6,28.8,40.2
12107,FL,Putnam,75955,43.4,21.0,17.5,33.7,33.1
12109,FL,St. Johns,320110,34.6,10.1,10.6,18.5,29.2
12111,FL,St. Lucie,373586,39.9,13.5,14.5,27.0,31.5
12113,FL,Santa Rosa,203162,35.3,13.4,10.9,20.5,32.1
12115,FL,Sarasota,469013,41.4,10.5,13.0,23.4,29.2
12117,FL,Seminole,484271,32.2,10.8,11.0,21.2,29.5
12119,FL,Sumter,151565,48.0,9.9,16.0,25.1,29.5
12121,FL,Suwannee,46130,40.9,17.9,15.0,32.3,38.3
12123,FL,Taylor,21582,44.3,19.2,15.9,32.4,40.8
12125,FL,Union,15532,41.0,20.1,14.5,30.7,41.6
12127,FL,Volusia,590357,39.1,13.7,13.5,25.5,32.7
12129,FL,Wakulla,36449,37.4,15.3,12.6,27.2,38.9
12131,FL,Walton,86354,36.3,13.8,12.3,22.0,30.1
12133,FL,Washington,25602,42.3,19.5,15.1,32.3,40.1
13001,GA,Appling,18457,43.5,20.3,17.4,35.1,40.6
13003,GA,Atkinson,8293,42.5,22.0,18.0,39.9,44.0
13005,GA,Bacon,11124,40.4,18.8,14.9,32.7,36.9
13007,GA,Baker,2743,51.6,20.0,22.9,38.8,43.3
13009,GA,Baldwin,43396,40.1,15.8,15.3,29.8,38.7
13011,GA,Banks,19789,39.0,17.3,13.8,29.2,34.5
13013,GA,Barrow,92792,35.6,15.0,12.2,28.0,35.3
13015,GA,Bartow,115041,36.8,15.2,12.0,26.2,38.7
13017,GA,Ben Hill,17128,46.6,21.3,19.1,37.8,41.5
13019,GA,Berrien,18570,41.7,20.7,16.0,34.0,38.1
13021,GA,Bibb,156512,44.6,16.8,16.9,32.2,44.7
13023,GA,Bleckley,12465,40.2,16.6,14.7,29.8,37.7
13025,GA,Brantley,18401,40.3,19.6,14.4,32.6,39.0
13027,GA,Brooks,16245,47.9,19.8,20.0,36.7,40.2
13029,GA,Bryan,49739,32.8,12.3,10.0,21.2,33.5
13031,GA,Bulloch,84327,35.1,14.1,11.5,25.7,38.9
13033,GA,Burke,24438,45.7,19.0,18.3,34.7,40.1
13035,GA,Butts,26887,39.6,17.4,13.8,31.0,38.2
13037,GA,Calhoun,5457,46.9,20.8,18.5,37.0,43.6
13039,GA,Camden,58118,35.7,14.8,12.3,27.1,37.2
13043,GA,Candler,11059,42.7,18.6,16.5,33.4,42.2
13045,GA,Carroll,127098,36.7,16.1,12.8,28.1,34.2
13047,GA,Catoosa,68910,36.3,14.7,12.5,25.3,34.1
13049,GA,Charlton,12934,41.2,20.1,16.1,34.3,41.5
13051,GA,Chatham,303655,38.8,13.3,13.1,25.2,33.0
13053,GA,Chattahoochee,8661,25.7,13.5,7.5,24.7,35.8
13055,GA,Chattooga,25222,42.0,21.3,16.0,35.1,35.2
13057,GA,Cherokee,286602,34.1,11.7,11.0,23.7,33.5
13059,GA,Clarke,129933,31.1,12.3,10.9,25.0,30.2
13061,GA,Clay,2853,52.1,17.2,21.5,37.3,41.2
13063,GA,Clayton,298300,41.4,16.0,16.2,32.5,45.2
13065,GA,Clinch,6746,43.8,21.2,17.3,35.6,41.9
13067,GA,Cobb,776743,32.1,10.4,10.9,21.6,29.9
13069,GA,Coffee,43317,41.5,20.7,16.1,35.0,39.3
13071,GA,Colquitt,46167,43.0,19.2,16.7,35.0,35.7
13073,GA,Columbia,165162,36.7,11.9,11.9,24.3,33.1
13075,GA,Cook,17714,42.6,19.7,16.5,32.6,37.6
13077,GA,Coweta,155892,35.7,12.3,12.4,24.9,35.7
13079,GA,Crawford,12277,42.5,17.1,15.5,30.4,37.3
13081,GA,Crisp,19631,47.5,19.9,19.4,36.9,44.6
13083,GA,Dade,16165,37.9,15.2,12.6,26.4,35.1
13085,GA,Dawson,31732,35.8,12.6,11.6,23.5,31.6
13087,GA,Decatur,29087,44.8,18.9,17.8,34.6,42.2
13089,GA,DeKalb,762992,37.4,11.5,13.0,22.5,31.8
13091,GA,Dodge,19776,44.7,18.7,16.7,33.8,40.4
13093,GA,Dooly,10981,47.2,18.1,18.3,34.4,41.0
13095,GA,Dougherty,82645,47.1,17.7,19.0,34.1,41.9
13097,GA,Douglas,149160,37.4,13.7,13.6,27.0,36.3
13099,GA,Early,10563,47.4,18.8,18.9,36.2,40.7
13101,GA,Echols,3709,36.1,16.3,13.6,30.6,38.3
13103,GA,Effingham,71541,34.6,14.1,11.3,24.5,37.9
13105,GA,Elbert,20013,44.2,17.8,16.6,32.7,38.2
13107,GA,Emanuel,23119,43.9,20.3,16.4,35.9,42.7
13109,GA,Evans,10754,43.2,19.2,16.8,35.2,42.4
13111,GA,Fannin,25955,44.8,16.1,16.5,30.1,38.2
13113,GA,Fayette,123351,37.1,9.6,12.6,21.2,30.7
13115,GA,Floyd,100113,38.6,16.0,14.1,28.6,37.3
13117,GA,Forsyth,272887,30.2,9.2,9.9,20.2,27.7
13119,GA,Franklin,24782,40.7,17.9,14.7,30.8,39.0
13121,GA,Fulton,1079105,33.4,9.9,10.9,20.0,28.2
13123,GA,Gilmer,32860,41.9,15.0,15.2,28.8,34.2
13125,GA,Glascock,2954,40.5,18.1,14.5,30.5,37.6
13127,GA,Glynn,86172,44.0,14.4,15.3,28.2,35.1
13129,GA,Gordon,59757,38.2,17.3,13.9,31.6,35.3
13131,GA,Grady,26066,44.0,17.9,17.2,35.8,38.5
13133,GA,Greene,20722,44.9,12.1,15.6,26.8,33.7
13135,GA,Gwinnett,983526,33.4,11.7,12.6,27.3,34.9
13137,GA,Habersham,48757,37.1,15.0,12.9,27.9,32.2
13139,GA,Hall,217267,36.4,14.0,13.2,28.3,32.3
13141,GA,Hancock,8676,53.0,21.9,22.8,40.0,44.8
13143,GA,Haralson,32038,37.3,17.4,12.6,26.9,36.2
13145,GA,Harris,36654,37.5,12.2,12.6,22.8,33.0
13147,GA,Hart,27556,42.1,16.0,15.3,29.4,35.1
13149,GA,Heard,12034,39.6,18.3,14.3,30.6,35.6
13151,GA,Henry,254613,38.8,12.9,13.4,25.2,45.2
13153,GA,Houston,171974,38.7,13.0,13.1,24.8,39.7
13155,GA,Irwin,9120,43.1,18.3,16.2,33.4,40.3
13157,GA,Jackson,88615,34.7,14.6,11.6,25.6,33.0
13159,GA,Jasper,16455,40.2,17.3,14.6,30.4,37.1
13161,GA,Jeff Davis,14906,41.2,20.6,16.4,35.7,40.4
13163,GA,Jefferson,15183,47.1,19.9,18.5,36.7,41.3
13165,GA,Jenkins,8627,45.5,21.9,18.2,37.4,42.5
13167,GA,Johnson,9282,47.5,21.5,18.0,35.7,43.5
13169,GA,Jones,28969,40.2,15.9,14.4,30.0,39.8
13171,GA,Lamar,20401,38.7,15.5,13.6,28.6,36.6
13173,GA,Lanier,10452,41.5,19.7,15.9,33.7,40.9
13175,GA,Laurens,49941,45.3,18.1,16.4,34.3,44.0
13177,GA,Lee,33872,36.8,13.1,11.8,23.4,39.2
13179,GA,Liberty,69210,34.3,14.3,11.6,27.9,32.3
13181,GA,Lincoln,7879,47.1,18.0,18.2,33.1,38.0
13183,GA,Long,19594,36.1,17.2,12.4,29.7,38.4
13185,GA,Lowndes,120712,35.9,15.0,12.9,29.1,38.7
13187,GA,Lumpkin,35258,33.7,13.5,11.5,24.8,28.9
13189,GA,McDuffie,21799,44.4,17.3,16.7,32.3,38.9
13191,GA,McIntosh,11501,50.8,19.2,20.4,36.9,40.7
13193,GA,Macon,11817,49.4,22.7,21.1,41.4,43.8
13195,GA,Madison,32191,40.0,18.2,14.7,31.8,38.1
13197,GA,Marion,7440,46.5,18.5,18.7,34.5,38.6
13199,GA,Meriwether,20931,45.0,18.6,17.6,34.8,41.4
13201,GA,Miller,5747,46.1,17.8,17.8,34.4,41.8
13205,GA,Mitchell,21114,47.2,19.3,18.4,34.9,45.1
13207,GA,Monroe,30625,39.1,14.2,13.1,25.9,34.9
13209,GA,Montgomery,8761,42.1,17.0,15.4,31.5,39.4
13211,GA,Morgan,21460,39.9,13.0,12.9,24.9,31.7
13213,GA,Murray,41035,36.8,17.0,13.3,29.1,41.5
13215,GA,Muscogee,201877,40.9,15.1,15.0,29.8,40.3
13217,GA,Newton,120135,40.4,14.8,14.4,30.3,42.4
13219,GA,Oconee,44182,33.4,9.3,10.1,18.3,28.8
13221,GA,Oglethorpe,15754,39.9,15.3,14.1,28.3,36.4
13223,GA,Paulding,183164,35.0,12.7,11.6,23.0,38.4
13225,GA,Peach,28805,40.3,14.3,14.9,29.3,39.3
13227,GA,Pickens,35969,40.7,15.1,13.6,26.6,35.0
13229,GA,Pierce,20425,39.5,18.2,14.3,30.6,36.4
13231,GA,Pike,20461,36.6,14.9,11.9,25.4,36.0
13233,GA,Polk,44223,38.8,17.9,14.1,31.4,40.4
13235,GA,Pulaski,10095,43.6,18.9,16.8,34.2,40.8
13237,GA,Putnam,23129,45.2,15.5,17.1,30.6,39.4
13239,GA,Quitman,2280,54.7,19.3,23.6,39.2,42.3
13241,GA,Rabun,17442,43.8,14.6,15.5,28.9,34.2
13243,GA,Randolph,6078,54.6,21.1,24.9,42.6,45.6
13245,GA,Richmond,205414,41.9,16.2,16.7,30.5,36.6
13247,GA,Rockdale,95987,43.2,14.1,17.0,30.2,39.0
13249,GA,Schley,4526,41.5,16.0,15.1,29.5,37.4
13251,GA,Screven,14174,46.1,18.2,17.8,33.1,40.0
13253,GA,Seminole,9092,47.0,17.0,18.0,33.3,39.4
13255,GA,Spalding,69946,43.1,17.0,16.0,31.2,39.7
13257,GA,Stephens,27228,41.1,17.8,14.9,30.8,38.5
13259,GA,Stewart,4674,43.1,20.7,17.9,39.2,41.6
13261,GA,Sumter,28890,43.6,16.4,16.7,32.9,39.5
13263,GA,Talbot,5718,52.4,18.7,22.1,37.7,43.1
13265,GA,Taliaferro,1609,52.2,18.1,21.7,37.6,41.7
13267,GA,Tattnall,24296,42.5,20.2,16.0,34.9,40.7
13269,GA,Taylor,7758,48.6,21.7,20.2,38.3,42.4
13271,GA,Telfair,10920,47.5,22.7,20.5,40.6,43.0
13273,GA,Terrell,8718,49.6,21.1,21.2,39.7,43.6
13275,GA,Thomas,45649,43.2,15.9,16.0,29.1,39.2
13277,GA,Tift,41554,41.0,17.5,15.8,33.0,39.4
13279,GA,Toombs,27040,41.1,17.5,15.5,32.9,40.6
13281,GA,Towns,13035,45.5,12.8,15.9,27.5,31.9
13283,GA,Treutlen,6341,44.3,22.5,18.3,37.8,41.2
13285,GA,Troup,70742,40.5,16.9,15.0,32.0,36.0
13287,GA,Turner,8909,45.9,20.2,18.5,37.8,44.4
13289,GA,Twiggs,7691,47.8,18.4,18.6,33.9,39.7
13291,GA,Union,27124,45.0,14.2,15.7,28.4,34.5
13293,GA,Upson,28263,42.1,18.8,16.3,32.8,39.2
13295,GA,Walker,69489,39.6,16.7,13.5,29.9,38.0
13297,GA,Walton,106702,38.0,14.9,13.0,28.0,38.3
13299,GA,Ware,36243,43.3,19.6,16.8,36.6,41.3
13301,GA,Warren,5106,50.3,18.6,20.2,37.0,43.5
13303,GA,Washington,19820,47.1,19.3,18.7,34.9,43.1
13305,GA,Wayne,31373,42.7,20.0,15.8,33.5,43.3
13307,GA,Webster,2337,50.7,18.5,21.0,36.4,42.2
13309,GA,Wheeler,7081,43.8,21.0,16.0,35.5,41.3
13311,GA,White,29026,39.8,14.7,13.2,26.3,35.0
13313,GA,Whitfield,103687,35.7,15.6,14.1,31.9,37.9
13315,GA,Wilcox,8779,46.2,20.2,17.4,35.0,42.6
13317,GA,Wilkes,9518,47.4,17.8,18.9,35.4,40.6
13319,GA,Wilkinson,8725,45.9,18.0,17.7,34.0,41.0
13321,GA,Worth,20273,44.5,18.9,16.9,33.9,38.9
15001,HI,Hawaii,207615,31.0,14.5,12.5,22.3,27.2
15003,HI,Honolulu,989408,31.6,9.8,12.4,23.7,25.3
15005,HI,Kalawao,81,46.6,16.6,22.1,29.8,38.5
15007,HI,Kauai,73851,33.1,12.0,12.0,21.2,23.9
15009,HI,Maui,164183,30.7,13.2,12.2,20.5,26.2
16001,ID,Ada,524673,31.2,10.4,9.0,18.4,29.0
16003,ID,Adams,4903,40.7,14.3,13.9,28.0,34.2
16005,ID,Bannock,90400,31.0,12.9,9.7,21.8,33.0
16007,ID,Bear Lake,6766,34.1,13.3,11.6,24.7,31.0
16009,ID,Benewah,10369,38.0,16.8,13.5,29.5,36.3
16011,ID,Bingham,50395,33.0,14.0,11.2,24.4,39.0
16013,ID,Blaine,25041,31.0,9.6,10.2,20.2,23.1
16015,ID,Boise,8517,38.0,11.7,12.1,22.6,31.9
16017,ID,Bonner,52547,36.7,12.9,11.8,23.3,32.2
16019,ID,Bonneville,131366,29.9,11.4,9.4,21.4,33.3
16021,ID,Boundary,13557,36.1,14.7,12.6,26.0,33.3
16023,ID,Butte,2758,40.3,17.3,15.2,29.8,35.5
16025,ID,Camas,1232,36.0,12.4,11.8,23.3,29.7
16027,ID,Canyon,257674,30.9,12.4,11.2,25.1,35.3
16029,ID,Caribou,7219,32.5,13.6,10.5,24.0,34.8
16031,ID,Cassia,25696,32.3,13.0,11.0,26.7,37.5
16033,ID,Clark,801,36.3,13.9,13.8,30.3,36.0
16035,ID,Clearwater,9214,38.5,14.1,13.1,25.4,31.8
16037,ID,Custer,4523,40.3,12.7,13.4,24.3,31.5
16039,ID,Elmore,29724,31.7,13.8,10.4,24.4,34.2
16041,ID,Franklin,15494,30.9,12.9,9.4,22.6,35.7
16043,ID,Fremont,14196,30.9,12.9,10.5,23.5,32.7
16045,ID,Gem,21071,35.1,12.9,11.5,24.5,32.9
16047,ID,Gooding,16061,34.9,15.0,13.0,29.7,34.1
16049,ID,Idaho,17890,37.9,13.1,12.8,25.0,31.8
16051,ID,Jefferson,34198,28.7,12.2,9.1,21.4,33.1
16053,ID,Jerome,25479,33.0,15.7,12.6,30.1,35.8
16055,ID,Kootenai,185010,30.1,12.1,9.9,19.6,31.7
16057,ID,Latah,41301,28.1,10.0,7.8,18.0,29.0
16059,ID,Lemhi,8441,39.6,13.4,12.7,26.3,30.4
16061,ID,Lewis,3739,42.3,15.5,15.1,29.7,35.2
16063,ID,Lincoln,5450,32.1,14.2,11.5,27.9,34.2
16065,ID,Madison,54547,17.3,10.0,4.9,19.4,26.2
16067,ID,Minidoka,22480,34.0,13.5,12.3,28.9,36.4
16069,ID,Nez Perce,42987,35.7,13.5,10.8,25.2,37.7
16071,ID,Oneida,4953,33.2,12.4,10.5,22.4,31.9
16073,ID,Owyhee,12722,35.8,16.4,13.4,30.7,33.4
16075,ID,Payette,27279,35.5,14.3,11.8,26.7,31.4
16077,ID,Power,8253,33.6,13.8,12.1,28.1,37.5
16079,ID,Shoshone,14026,37.4,15.9,13.5,28.1,36.1
16081,ID,Teton,12549,29.7,10.7,9.2,19.0,32.0
16083,ID,Twin Falls,95156,31.0,13.3,11.0,27.8,33.3
16085,ID,Valley,12644,39.0,13.2,13.1,24.9,34.0
16087,ID,Washington,11425,38.3,15.2,14.5,29.1,33.4
17001,IL,Adams,64441,37.2,14.4,12.0,24.1,37.8
17003,IL,Alexander,4695,47.9,19.6,19.0,33.3,45.3
17005,IL,Bond,16450,35.5,15.1,11.6,24.2,39.0
17007,IL,Boone,53202,34.9,14.1,12.2,25.6,36.8
17009,IL,Brown,6294,36.4,17.8,11.7,26.4,41.5
17011,IL,Bureau,32729,37.9,14.8,13.2,25.8,38.1
17013,IL,Calhoun,4317,38.0,12.9,11.9,22.0,35.3
17015,IL,Carroll,15526,39.3,15.3,13.3,25.8,38.8
17017,IL,Cass,12596,37.4,15.8,13.4,27.8,40.6
17019,IL,Champaign,205644,28.7,11.1,9.6,20.1,31.1
17021,IL,Christian,33228,37.5,16.1,12.3,25.5,38.1
17023,IL,Clark,15088,36.8,14.9,12.0,23.2,37.3
17025,IL,Clay,12999,39.7,17.8,13.9,27.8,41.5
17027,IL,Clinton,36785,35.5,14.0,11.3,22.2,40.2
17029,IL,Coles,46060,34.0,14.8,11.4,24.2,37.7
17031,IL,Cook,5087072,31.0,11.1,11.8,23.3,31.0
17033,IL,Crawford,18300,37.6,15.4,12.1,24.3,40.1
17035,IL,Cumberland,10261,37.2,14.5,11.9,23.3,38.7
17037,IL,DeKalb,100288,30.4,12.6,10.3,22.5,35.1
17039,IL,De Witt,15365,37.2,15.3,12.2,24.2,38.2
17041,IL,Douglas,19629,35.4,15.1,11.7,24.7,38.5
17043,IL,DuPage,921213,30.7,9.5,10.0,19.0,29.2
17045,IL,Edgar,16334,40.3,16.4,13.6,26.8,37.5
17047,IL,Edwards,5968,40.2,17.3,14.1,27.3,40.3
17049,IL,Effingham,34331,35.2,14.1,11.3,22.8,34.3
17051,IL,Fayette,21164,37.6,17.4,12.7,26.7,39.8
17053,IL,Ford,13250,37.1,15.8,12.4,25.6,37.7
17055,IL,Franklin,37138,38.7,17.7,13.9,27.6,41.6
17057,IL,Fulton,32541,39.2,16.8,13.0,25.8,39.9
17059,IL,Gallatin,4670,41.6,17.4,14.6,28.2,40.8
17061,IL,Greene,11543,38.9,17.2,13.2,26.7,40.2
17063,IL,Grundy,53578,32.3,13.3,10.3,22.3,36.4
17065,IL,Hamilton,7911,39.9,17.0,13.9,26.8,40.0
17067,IL,Hancock,17186,39.6,14.7,13.2,25.2,38.8
17069,IL,Hardin,3569,42.1,16.9,14.7,27.4,39.7
17071,IL,Henderson,6088,41.8,15.1,14.1,25.8,38.6
17073,IL,Henry,48448,36.4,13.8,11.9,23.6,36.9
17075,IL,Iroquois,26136,40.0,16.4,13.9,27.0,40.6
17077,IL,Jackson,52141,33.6,13.8,11.6,24.4,39.8
17079,IL,Jasper,9144,36.9,14.3,12.0,23.2,38.2
17081,IL,Jefferson,36320,38.5,16.1,13.0,25.2,39.8
17083,IL,Jersey,21091,36.2,14.0,11.7,23.2,39.0
17085,IL,Jo Daviess,21756,40.4,13.0,13.2,23.8,36.1
17087,IL,Johnson,13326,38.4,16.8,12.9,26.4,41.4
17089,IL,Kane,514982,30.4,11.0,11.5,23.1,35.1
17091,IL,Kankakee,105940,37.7,14.7,13.0,25.0,39.8
17093,IL,Kendall,139976,29.6,11.0,9.4,19.5,39.7
17095,IL,Knox,48411,38.7,16.0,13.5,27.5,39.2
17097,IL,Lake,708760,32.4,10.4,11.2,19.9,32.9
17099,IL,LaSalle,108309,36.4,15.0,12.4,24.9,37.8
17101,IL,Lawrence,14813,38.1,17.6,12.8,27.0,40.7
17103,IL,Lee,33654,38.0,15.3,12.8,25.6,38.9
17105,IL,Livingston,35320,36.6,15.3,12.2,25.4,35.9
17107,IL,Logan,27590,35.6,15.1,11.6,24.4,38.5
17109,IL,McDonough,26839,34.1,13.8,11.4,23.4,36.3
17111,IL,McHenry,312800,33.7,11.5,10.5,20.9,32.1
17113,IL,McLean,170441,30.9,11.2,9.5,19.4,34.5
17115,IL,Macon,100591,39.2,15.0,13.3,25.9,42.1
17117,IL,Macoupin,44018,38.2,15.9,12.8,25.0,37.0
17119,IL,Madison,262752,35.5,13.3,11.2,22.1,38.7
17121,IL,Marion,36673,38.5,17.0,13.3,27.0,39.5
17123,IL,Marshall,11683,38.9,15.2,13.0,25.1,38.6
17125,IL,Mason,12523,39.1,16.0,13.3,25.7,37.3
17127,IL,Massac,13661,39.9,16.6,14.1,26.8,40.8
17129,IL,Menard,11954,36.8,14.1,11.7,22.5,37.9
17131,IL,Mercer,15487,37.6,15.3,12.4,24.4,38.6
17133,IL,Monroe,34957,33.9,11.3,10.1,18.6,35.5
17135,IL,Montgomery,27663,37.4,16.1,12.6,25.6,39.1
17137,IL,Morgan,32140,38.0,15.6,12.6,24.9,39.9
17139,IL,Moultrie,14342,36.1,16.0,11.6,24.7,38.4
17141,IL,Ogle,51265,36.9,14.0,12.2,24.0,40.9
17143,IL,Peoria,177513,36.9,13.8,12.6,23.5,34.8
17145,IL,Perry,20503,38.5,17.4,13.2,27.1,40.7
17147,IL,Piatt,16714,35.4,12.5,10.9,20.8,35.1
17149,IL,Pike,14342,39.4,16.8,13.3,27.1,40.6
17151,IL,Pope,3707,43.0,15.0,14.9,26.1,39.6
17153,IL,Pulaski,4911,45.3,20.0,18.4,32.9,45.6
17155,IL,Putnam,5561,37.4,13.1,12.1,22.7,36.1
17157,IL,Randolph,29815,39.1,16.3,12.9,26.2,38.8
17159,IL,Richland,15488,37.5,15.5,12.5,24.9,39.4
17161,IL,Rock Island,141236,36.1,14.5,13.1,24.9,39.6
17163,IL,St. Clair,251018,39.0,14.2,13.1,25.0,38.8
17165,IL,Saline,22873,39.2,16.7,13.5,26.3,40.3
17167,IL,Sangamon,193491,37.0,13.2,11.9,22.2,39.6
17169,IL,Schuyler,6733,41.4,17.2,14.4,27.3,40.4
17171,IL,Scott,4710,37.4,15.1,12.3,24.2,38.4
17173,IL,Shelby,20568,38.9,15.2,13.0,24.8,37.6
17175,IL,Stark,5218,38.5,15.1,12.7,24.9,38.2
17177,IL,Stephenson,43105,40.1,15.0,13.9,26.8,40.6
17179,IL,Tazewell,129541,35.3,13.5,11.2,22.4,36.3
17181,IL,Union,16667,39.8,17.1,14.1,28.0,39.8
17183,IL,Vermilion,71652,42.2,17.2,14.4,29.0,43.8
17185,IL,Wabash,10942,38.4,15.8,13.3,25.6,39.8
17187,IL,Warren,16185,36.1,14.5,12.3,25.0,37.0
17189,IL,Washington,13536,36.5,13.8,11.7,22.4,36.8
17191,IL,Wayne,15761,39.7,17.0,13.6,27.4,39.9
17193,IL,White,13401,40.9,18.1,14.5,28.8,39.2
17195,IL,Whiteside,54498,37.1,14.6,13.0,25.4,36.2
17197,IL,Will,700728,32.0,11.6,10.7,24.0,38.0
17199,IL,Williamson,66706,37.2,14.7,12.4,24.3,40.1
17201,IL,Winnebago,280922,38.2,15.5,13.9,27.0,42.0
17203,IL,Woodford,38285,34.7,12.4,10.6,20.6,37.3
18001,IN,Adams,36288,39.2,19.4,14.1,28.2,41.7
18003,IN,Allen,394545,36.7,14.4,12.9,22.9,39.4
18005,IN,Bartholomew,84003,37.1,14.8,12.4,24.0,38.9
18007,IN,Benton,8729,39.8,18.8,14.2,28.1,42.4
18009,IN,Blackford,11893,43.9,20.8,16.4,30.9,44.3
18011,IN,Boone,76120,33.4,11.6,10.5,18.9,32.9
18013,IN,Brown,15653,43.0,15.9,14.7,25.3,36.1
18015,IN,Carroll,20525,40.6,17.5,13.9,27.4,41.6
18017,IN,Cass,37666,41.0,18.5,15.3,31.2,47.4
18019,IN,Clark,125467,39.8,16.4,12.5,24.8,43.9
18021,IN,Clay,26460,41.5,18.0,14.2,27.6,43.3
18023,IN,Clinton,32730,38.2,17.5,13.4,28.1,40.2
18025,IN,Crawford,10438,45.6,23.5,17.8,33.2,43.6
18027,IN,Daviess,33656,38.8,19.7,13.8,30.3,41.4
18029,IN,Dearborn,51215,38.4,16.3,12.4,24.0,35.8
18031,IN,Decatur,26399,37.9,16.4,12.4,26.5,37.6
18033,IN,DeKalb,44198,38.2,16.8,12.8,25.7,43.7
18035,IN,Delaware,112321,36.2,16.8,13.5,25.3,36.6
18037,IN,Dubois,43546,38.0,15.4,13.2,25.0,40.0
18039,IN,Elkhart,206409,38.3,17.0,13.6,26.5,43.8
18041,IN,Fayette,23362,42.6,20.2,15.4,29.6,44.9
18043,IN,Floyd,80809,38.8,14.9,12.5,24.9,37.6
18045,IN,Fountain,16731,40.7,18.5,14.1,28.2,42.6
18047,IN,Franklin,23096,40.4,16.8,13.7,26.0,40.8
18049,IN,Fulton,20358,41.2,18.6,14.6,28.7,41.7
18051,IN,Gibson,32904,38.4,17.6,13.0,25.8,39.4
18053,IN,Grant,66200,41.0,17.8,15.2,29.1,41.1
18055,IN,Greene,31196,41.5,19.4,14.7,28.4,40.7
18057,IN,Hamilton,371645,32.0,9.5,9.6,16.1,32.5
18059,IN,Hancock,86166,37.4,13.6,11.3,20.7,39.9
18061,IN,Harrison,40006,39.2,16.2,12.8,24.6,42.7
18063,IN,Hendricks,186387,35.2,12.8,11.1,19.8,36.4
18065,IN,Henry,48929,40.8,18.0,13.5,29.1,43.7
18067,IN,Howard,83831,40.1,17.9,14.4,27.8,36.5
18069,IN,Huntington,36781,40.7,16.6,13.3,25.2,39.9
18071,IN,Jackson,46460,37.8,17.3,13.6,26.9,39.6
18073,IN,Jasper,33535,38.6,15.8,12.7,25.3,40.2
18075,IN,Jay,20032,42.0,20.2,15.0,30.6,43.6
18077,IN,Jefferson,33056,39.2,17.2,13.5,25.3,36.6
18079,IN,Jennings,27622,40.7,19.5,14.3,28.1,41.2
18081,IN,Johnson,167819,37.8,14.1,11.9,22.5,38.8
18083,IN,Knox,36070,38.6,17.5,13.2,25.4,36.8
18085,IN,Kosciusko,80364,39.8,16.6,13.0,27.2,38.7
18087,IN,LaGrange,40907,36.1,19.6,12.4,29.1,39.6
18089,IN,Lake,500598,39.0,17.0,15.1,27.9,39.9
18091,IN,LaPorte,111706,41.7,17.6,15.0,28.1,37.0
18093,IN,Lawrence,45084,40.1,16.9,13.9,26.8,42.0
18095,IN,Madison,132504,40.6,18.5,14.0,29.1,36.4
18097,IN,Marion,968460,38.2,15.0,13.0,24.3,38.3
18099,IN,Marshall,46352,40.1,17.4,14.0,28.8,43.2
18101,IN,Martin,9897,41.5,18.7,14.6,27.5,39.1
18103,IN,Miami,35402,40.1,19.2,14.6,28.4,44.3
18105,IN,Monroe,139342,29.7,12.2,9.9,20.6,32.5
18107,IN,Montgomery,38573,39.7,17.5,13.5,28.5,39.2
18109,IN,Morgan,73227,38.9,16.3,13.4,24.4,37.8
18111,IN,Newton,13960,40.7,18.3,14.4,28.3,43.5
18113,IN,Noble,47430,37.3,17.0,13.2,26.9,39.6
18115,IN,Ohio,6004,41.7,16.6,14.3,26.2,39.5
18117,IN,Orange,19638,41.8,19.1,14.7,28.8,39.7
18119,IN,Owen,21532,41.3,18.5,14.5,27.5,41.7
18121,IN,Parke,16484,42.4,20.7,15.4,31.0,42.3
18123,IN,Perry,19209,40.4,18.3,13.4,25.8,37.6
18125,IN,Pike,12106,40.9,18.6,14.5,27.7,37.9
18127,IN,Porter,175335,38.5,14.5,12.5,25.5,39.9
18129,IN,Posey,25040,39.7,15.3,12.9,23.0,40.4
18131,IN,Pulaski,12385,41.7,18.3,14.5,28.6,38.7
18133,IN,Putnam,37567,36.5,16.4,12.4,24.7,38.4
18135,IN,Randolph,24216,41.0,18.7,14.4,29.0,38.7
18137,IN,Ripley,29227,38.2,16.9,12.5,25.0,36.2
18139,IN,Rush,16847,40.1,18.6,14.3,27.7,39.1
18141,IN,St. Joseph,272848,37.2,14.9,12.9,26.5,35.3
18143,IN,Scott,24657,40.6,20.0,14.1,29.9,42.3
18145,IN,Shelby,45231,40.3,17.9,13.9,26.2,41.2
18147,IN,Spencer,19910,40.9,16.0,13.4,24.0,39.9
18149,IN,Starke,23206,41.2,19.9,15.0,29.3,42.4
18151,IN,Steuben,34917,39.2,15.4,13.5,24.7,34.8
18153,IN,Sullivan,20757,41.1,19.9,14.1,28.4,43.6
18155,IN,Switzerland,10019,42.8,20.4,14.9,29.8,40.4
18157,IN,Tippecanoe,188792,29.4,13.0,10.0,20.9,27.9
18159,IN,Tipton,15256,39.7,15.7,13.5,24.7,36.5
18161,IN,Union,6973,39.2,15.9,13.0,24.2,37.6
18163,IN,Vanderburgh,179810,38.4,16.2,12.8,26.2,38.2
18165,IN,Vermillion,15417,40.9,18.6,14.3,27.6,40.6
18167,IN,Vigo,106153,37.5,17.6,13.7,25.7,41.0
18169,IN,Wabash,30670,40.0,16.8,13.8,26.7,38.1
18171,IN,Warren,8518,40.5,17.4,14.1,26.7,41.6
18173,IN,Warrick,65867,35.3,13.0,11.6,21.2,34.0
18175,IN,Washington,28205,42.3,19.8,14.7,28.6,41.5
18177,IN,Wayne,66127,40.9,19.1,14.7,28.7,37.9
18179,IN,Wells,28555,39.2,16.4,12.7,25.6,41.9
18181,IN,White,24917,40.3,16.4,14.6,27.9,44.6
18183,IN,Whitley,34742,38.1,15.8,12.6,24.0,39.7
19001,IA,Adair,7389,39.6,16.7,13.1,28.2,39.9
19003,IA,Adams,3544,39.8,15.6,13.2,27.6,39.1
19005,IA,Allamakee,14074,39.6,16.2,13.1,27.4,42.3
19007,IA,Appanoose,12119,43.3,19.6,15.4,31.5,43.4
19009,IA,Audubon,5534,40.2,16.3,13.6,27.9,37.6
19011,IA,Benton,25796,36.2,14.9,11.1,23.9,40.8
19013,IA,Black Hawk,130471,33.9,15.6,11.6,23.6,40.4
19015,IA,Boone,26590,36.4,14.3,11.2,24.8,43.4
19017,IA,Bremer,25307,33.4,13.2,9.9,22.4,37.6
19019,IA,Buchanan,20691,35.6,15.3,11.1,24.0,37.6
19021,IA,Buena Vista,20567,34.3,15.6,13.0,30.1,38.1
19023,IA,Butler,14172,38.8,15.7,12.6,28.0,39.3
19025,IA,Calhoun,9763,37.1,15.6,12.3,26.5,39.8
19027,IA,Carroll,20522,37.2,15.2,12.0,27.2,39.7
19029,IA,Cass,13130,39.8,17.5,13.9,28.6,40.7
19031,IA,Cedar,18302,36.6,15.2,11.9,25.5,40.8
19033,IA,Cerro Gordo,42406,37.6,15.5,12.5,27.0,40.1
19035,IA,Cherokee,11605,40.3,16.4,13.7,30.0,40.6
19037,IA,Chickasaw,11658,38.6,15.5,12.6,27.5,39.4
19039,IA,Clarke,9588,38.2,18.8,14.2,31.8,43.1
19041,IA,Clay,16511,37.0,15.3,12.3,26.5,35.2
19043,IA,Clayton,16969,41.3,17.8,13.9,30.7,41.0
19045,IA,Clinton,46158,38.4,16.9,12.7,27.5,39.3
19047,IA,Crawford,16013,37.7,16.7,14.3,32.5,42.6
19049,IA,Dallas,111092,29.4,10.9,8.8,19.4,32.8
19051,IA,Davis,9169,37.0,17.5,12.0,28.4,37.5
19053,IA,Decatur,7665,35.3,15.9,12.4,27.6,39.6
19055,IA,Delaware,17600,37.7,16.3,12.5,27.9,39.7
19057,IA,Des Moines,38253,35.5,15.9,12.3,28.2,34.6
19059,IA,Dickinson,18056,38.5,13.1,12.1,24.2,37.2
19061,IA,Dubuque,98887,31.2,13.6,10.4,22.8,34.3
19063,IA,Emmet,9229,38.4,16.2,12.7,27.9,42.5
19065,IA,Fayette,19210,38.8,16.9,13.1,29.4,38.5
19067,IA,Floyd,15326,37.9,16.2,12.9,27.5,39.8
19069,IA,Franklin,9875,39.0,17.0,14.1,30.1,40.7
19071,IA,Fremont,6458,38.6,15.2,12.7,25.7,39.9
19073,IA,Greene,8584,38.6,16.5,13.1,28.2,35.8
19075,IA,Grundy,12384,35.4,13.9,11.1,23.9,37.5
19077,IA,Guthrie,10722,37.8,14.6,12.4,26.1,37.2
19079,IA,Hamilton,14729,36.9,14.7,12.1,25.6,36.5
19081,IA,Hancock,10615,38.0,15.5,12.6,28.7,42.2
19083,IA,Hardin,16463,38.5,16.2,12.9,27.3,38.9
19085,IA,Harrison,14670,37.0,15.8,12.5,25.8,35.2
19087,IA,Henry,19547,37.3,16.1,12.5,26.4,38.8
19089,IA,Howard,9376,37.2,16.6,12.4,26.5,38.0
19091,IA,Humboldt,9500,38.8,16.8,13.2,27.5,41.4
19093,IA,Ida,6833,37.4,16.0,12.4,27.8,41.0
19095,IA,Iowa,16381,36.8,14.8,11.7,24.8,43.4
19097,IA,Jackson,19342,38.5,16.3,12.7,27.1,40.3
19099,IA,Jasper,37919,36.8,16.5,11.9,25.6,38.3
19101,IA,Jefferson,15440,39.1,14.0,13.2,25.9,39.6
19103,IA,Johnson,157528,28.1,10.9,8.8,18.1,30.4
19105,IA,Jones,20900,36.4,16.0,11.9,25.8,39.7
19107,IA,Keokuk,9914,39.6,17.6,13.4,28.7,41.4
19109,IA,Kossuth,14396,38.0,14.9,13.1,26.8,38.2
19111,IA,Lee,32565,37.7,17.5,12.9,28.1,37.6
19113,IA,Linn,228972,31.3,13.5,11.2,22.6,35.4
19115,IA,Louisa,10513,36.3,15.7,12.8,28.9,40.2
19117,IA,Lucas,8747,39.7,18.4,13.9,29.1,39.8
19119,IA,Lyon,12324,37.3,16.0,11.8,27.5,42.2
19121,IA,Madison,16971,33.5,14.2,10.5,22.8,37.2
19123,IA,Mahaska,21874,36.0,16.3,11.7,28.4,38.6
19125,IA,Marion,33770,34.5,13.3,10.5,22.6,39.4
19127,IA,Marshall,40014,34.7,15.2,12.7,28.4,44.1
19129,IA,Mills,14633,35.9,13.8,11.3,23.0,39.2
19131,IA,Mitchell,10518,37.8,15.3,12.2,26.4,40.1
19133,IA,Monona,8493,39.5,16.3,13.1,28.3,42.2
19135,IA,Monroe,7504,36.7,15.5,11.7,25.4,38.2
19137,IA,Montgomery,10139,38.7,16.5,12.9,28.4,39.5
19139,IA,Muscatine,42218,35.4,15.9,12.3,29.3,41.4
19141,IA,O'Brien,14012,36.9,16.4,12.4,27.9,38.8
19143,IA,Osceola,5978,39.4,17.1,14.0,30.1,39.5
19145,IA,Page,15014,40.8,18.0,13.6,29.3,42.9
19147,IA,Palo Alto,8810,37.3,15.1,12.1,25.8,40.0
19149,IA,Plymouth,25722,35.0,14.5,11.2,24.6,39.4
19151,IA,Pocahontas,6976,38.7,15.9,13.3,28.2,36.2
19153,IA,Polk,505255,31.2,13.3,10.1,23.7,37.0
19155,IA,Pottawattamie,93179,35.3,17.0,11.7,27.4,39.1
19157,IA,Poweshiek,18453,35.2,14.7,11.4,25.8,40.5
19159,IA,Ringgold,4642,37.9,14.8,12.2,25.9,42.7
19161,IA,Sac,9686,37.9,15.1,12.5,26.3,41.3
19163,IA,Scott,174270,32.8,14.0,11.0,24.1,40.6
19165,IA,Shelby,11806,37.4,15.2,12.5,26.7,37.8
19167,IA,Sioux,36246,32.5,12.9,9.8,23.3,33.0
19169,IA,Story,98566,26.4,11.1,8.1,20.1,30.8
19171,IA,Tama,16833,37.7,17.4,13.6,29.6,40.2
19173,IA,Taylor,5924,39.1,16.3,12.9,28.4,39.7
19175,IA,Union,11906,37.2,15.8,12.1,27.1,37.2
19177,IA,Van Buren,7266,40.2,18.5,13.9,29.6,39.5
19179,IA,Wapello,35166,35.8,18.0,13.5,30.7,41.7
19181,IA,Warren,55205,32.3,12.6,9.7,21.8,38.7
19183,IA,Washington,22560,37.3,15.1,12.0,26.2,38.6
19185,IA,Wayne,6557,38.8,17.2,13.1,29.3,40.6
19187,IA,Webster,36485,36.9,16.0,11.8,27.6,41.2
19189,IA,Winnebago,10571,36.4,14.3,11.6,24.8,38.4
19191,IA,Winneshiek,19815,34.1,12.4,10.7,22.8,34.7
19193,IA,Woodbury,105951,34.5,16.1,12.1,28.9,39.1
19195,IA,Worth,7297,38.1,15.5,12.4,26.0,40.5
19197,IA,Wright,12656,38.4,16.0,13.9,28.8,40.7
20001,KS,Allen,12412,36.5,16.5,12.5,29.3,37.4
20003,KS,Anderson,7838,39.2,18.1,13.1,29.9,40.1
20005,KS,Atchison,16016,34.8,15.3,11.2,27.7,37.0
20007,KS,Barber,4071,40.9,16.4,13.8,29.5,38.6
20009,KS,Barton,24899,38.3,16.3,13.4,30.2,38.8
20011,KS,Bourbon,14408,38.2,16.9,12.7,30.9,36.7
20013,KS,Brown,9250,40.4,17.7,13.5,29.3,39.6
20015,KS,Butler,68632,34.5,14.4,10.7,23.2,39.0
20017,KS,Chase,2579,40.0,16.4,13.9,29.8,38.2
20019,KS,Chautauqua,3347,42.6,19.1,15.2,33.3,40.4
20021,KS,Cherokee,19054,38.8,18.9,13.4,30.6,43.8
20023,KS,Cheyenne,2636,41.5,17.7,14.8,33.5,38.0
20025,KS,Clark,1847,37.8,13.9,12.1,27.0,36.8
20027,KS,Clay,8007,39.9,16.5,12.8,28.2,39.6
20029,KS,Cloud,8854,38.6,15.9,12.3,29.0,41.4
20031,KS,Coffey,8251,38.5,16.2,12.7,27.6,36.9
20033,KS,Comanche,1655,40.2,15.1,13.3,29.1,39.2
20035,KS,Cowley,34157,37.6,15.7,12.8,28.4,40.9
20037,KS,Crawford,38764,35.1,16.4,11.2,27.5,36.8
20039,KS,Decatur,2712,40.2,14.1,13.4,27.7,36.6
20041,KS,Dickinson,18445,37.1,15.0,11.9,28.3,39.5
20043,KS,Doniphan,7493,35.9,15.3,11.5,26.9,37.5
20045,KS,Douglas,120553,26.6,11.6,8.4,18.8,30.5
20047,KS,Edwards,2733,39.9,16.7,14.3,32.2,39.9
20049,KS,Elk,2467,43.7,18.4,15.8,35.1,40.5
20051,KS,Ellis,28810,31.7,13.1,9.8,23.6,36.5
20053,KS,Ellsworth,6357,37.9,14.7,11.7,27.6,39.1
20055,KS,Finney,37466,32.9,15.3,13.1,33.0,37.3
20057,KS,Ford,33980,33.2,15.5,13.1,34.0,39.1
20059,KS,Franklin,26125,36.2,16.1,11.5,27.3,40.3
20061,KS,Geary,35047,29.5,16.4,9.3,29.7,34.5
20063,KS,Gove,2735,38.0,15.2,12.3,28.3,37.4
20065,KS,Graham,2376,42.4,15.3,14.3,29.9,36.7
20067,KS,Grant,7147,31.5,12.6,11.8,29.3,35.4
20069,KS,Gray,5743,33.7,15.6,11.2,29.2,39.5
20071,KS,Greeley,1181,35.7,13.4,11.7,26.5,36.8
20073,KS,Greenwood,5870,42.0,17.4,14.4,29.9,40.7
20075,KS,Hamilton,2437,33.7,14.5,11.8,30.1,40.2
20077,KS,Harper,5435,40.6,19.2,14.8,33.1,41.9
20079,KS,Harvey,33504,35.0,13.8,12.2,28.2,36.5
20081,KS,Haskell,3630,34.9,16.2,13.2,32.9,41.8
20083,KS,Hodgeman,1655,36.8,13.3,11.5,25.2,36.5
20085,KS,Jackson,13368,36.5,15.8,12.3,27.2,37.8
20087,KS,Jefferson,18327,35.6,14.6,11.3,25.3,34.7
20089,KS,Jewell,2847,44.5,17.3,15.8,32.6,39.1
20091,KS,Johnson,622237,32.0,9.7,9.4,19.3,31.2
20093,KS,Kearny,3823,34.4,15.7,12.9,32.2,37.6
20095,KS,Kingman,7066,37.3,16.4,12.0,27.9,39.8
20097,KS,Kiowa,2374,37.2,13.9,11.8,26.5,39.0
20099,KS,Labette,19728,40.4,17.9,13.4,32.2,41.3
20101,KS,Lane,1529,39.1,14.4,13.1,28.4,36.6
20103,KS,Leavenworth,83518,32.9,13.6,10.8,23.2,39.8
20105,KS,Lincoln,2920,42.0,16.2,14.2,30.0,40.2
20107,KS,Linn,9860,37.4,16.1,12.5,27.8,37.2
20109,KS,Logan,2665,37.2,15.9,12.5,29.3,39.8
20111,KS,Lyon,32172,34.0,14.8,11.5,29.2,37.8
20113,KS,McPherson,30091,35.0,13.6,10.5,26.5,37.0
20115,KS,Marion,11690,37.7,15.0,12.2,27.9,38.7
20117,KS,Marshall,9933,38.9,17.3,13.0,29.1,37.4
20119,KS,Meade,3911,36.4,15.8,12.5,30.6,36.8
20121,KS,Miami,35320,33.5,13.8,10.8,23.9,35.0
20123,KS,Mitchell,5719,38.7,15.6,12.8,28.4,39.0
20125,KS,Montgomery,30568,40.0,17.9,13.8,29.4,38.9
20127,KS,Morris,5334,40.8,15.2,13.5,30.0,36.7
20129,KS,Morton,2580,38.2,16.6,14.0,32.7,37.9
20131,KS,Nemaha,10114,36.9,14.7,11.4,26.2,38.7
20133,KS,Neosho,15420,38.3,16.6,13.1,28.6,39.5
20135,KS,Ness,2618,39.1,15.1,13.2,29.7,35.2
20137,KS,Norton,5330,37.8,17.4,12.7,30.1,42.7
20139,KS,Osage,15824,39.0,16.4,12.5,28.2,41.8
20141,KS,Osborne,3427,40.7,15.7,14.0,29.9,38.8
20143,KS,Ottawa,5818,37.6,15.6,12.2,27.0,38.3
20145,KS,Pawnee,6126,38.7,16.5,12.7,29.0,38.2
20147,KS,Phillips,4761,39.8,16.2,13.6,29.9,40.5
20149,KS,Pottawatomie,26382,33.2,13.6,9.7,23.8,35.8
20151,KS,Pratt,9082,35.9,14.8,12.1,28.5,36.5
20153,KS,Rawlins,2463,41.7,16.8,14.7,30.9,41.9
20155,KS,Reno,61497,35.4,16.9,13.2,29.9,44.0
20157,KS,Republic,4627,41.9,16.3,14.3,30.6,41.2
20159,KS,Rice,9260,36.0,14.5,11.9,28.5,39.5
20161,KS,Riley,71402,23.2,11.8,7.2,21.9,26.4
20163,KS,Rooks,4778,38.1,15.0,12.3,28.5,40.6
20165,KS,Rush,2830,41.2,16.3,13.9,30.7,38.7
20167,KS,Russell,6723,41.3,17.1,13.9,31.0,41.5
20169,KS,Saline,53098,35.5,15.1,12.1,28.8,41.1
20171,KS,Scott,4922,35.0,13.3,11.4,26.4,38.1
20173,KS,Sedgwick,528469,34.7,15.1,12.0,26.3,38.6
20175,KS,Seward,21067,31.5,15.0,13.4,37.5,42.7
20177,KS,Shawnee,177746,39.0,15.2,12.5,25.7,38.3
20179,KS,Sheridan,2423,37.0,13.7,11.8,26.3,34.0
20181,KS,Sherman,5844,37.4,15.1,12.3,30.2,38.2
20183,KS,Smith,3590,40.8,14.7,13.3,29.6,39.0
20185,KS,Stafford,3909,38.3,15.3,13.1,29.4,41.0
20187,KS,Stanton,1901,36.6,16.3,14.7,35.4,39.5
20189,KS,Stevens,5077,37.8,18.1,14.9,36.7,41.3
20191,KS,Sumner,22334,37.5,16.8,12.4,27.4,39.9
20193,KS,Thomas,7865,33.0,12.7,10.2,24.9,35.0
20195,KS,Trego,2731,39.2,13.9,12.3,26.7,40.5
20197,KS,Wabaunsee,7057,36.2,14.2,11.5,25.6,35.1
20199,KS,Wallace,1509,39.9,15.5,13.7,29.9,36.6
20201,KS,Washington,5504,37.3,14.9,11.9,28.4,34.0
20203,KS,Wichita,2082,39.2,16.0,14.5,33.9,41.7
20205,KS,Wilson,8382,40.3,17.7,13.8,30.1,39.8
20207,KS,Woodson,3115,40.8,16.6,13.6,29.2,39.6
20209,KS,Wyandotte,165281,37.0,17.6,14.5,34.7,40.7
22001,LA,Acadia,56489,44.6,21.9,16.5,36.1,41.8
22003,LA,Allen,22112,44.0,21.7,15.3,34.9,44.2
22005,LA,Ascension,131632,38.9,15.4,12.2,26.1,35.5
22007,LA,Assumption,20160,45.3,20.5,16.7,35.2,38.4
22009,LA,Avoyelles,38408,48.2,23.2,17.7,37.9,43.0
22011,LA,Beauregard,36827,39.7,18.5,13.4,29.7,40.7
22013,LA,Bienville,12366,52.5,23.8,22.1,42.4,47.5
22015,LA,Bossier,129795,39.3,16.1,13.2,29.9,40.9
22017,LA,Caddo,226386,47.1,18.2,17.2,33.2,42.2
22019,LA,Calcasieu,203761,42.2,17.1,14.2,32.9,43.0
22021,LA,Caldwell,9389,45.2,23.0,16.7,35.7,38.6
22023,LA,Cameron,4768,41.3,17.0,13.3,28.1,36.4
22025,LA,Catahoula,8414,46.5,22.7,17.7,36.9,41.8
22027,LA,Claiborne,13670,54.3,25.7,22.8,43.6,48.5
22029,LA,Concordia,17688,50.1,22.8,19.8,39.1,45.6
22031,LA,De Soto,27114,47.4,20.7,17.8,34.4,44.4
22033,LA,East Baton Rouge,448467,40.3,14.0,13.9,24.6,35.3
22035,LA,East Carroll,6829,53.0,28.4,22.0,44.3,51.2
22037,LA,East Feliciana,19229,47.7,18.3,16.1,33.7,42.2
22039,LA,Evangeline,31754,45.1,22.1,16.8,36.6,44.7
22041,LA,Franklin,19285,48.1,22.7,18.4,37.7,42.0
22043,LA,Grant,21911,42.0,20.1,13.7,31.3,39.9
22045,LA,Iberia,67659,44.8,20.4,17.1,35.2,42.5
22047,LA,Iberville,29617,44.4,18.9,16.5,34.3,43.0
22049,LA,Jackson,14746,47.9,20.6,17.7,37.1,44.9
22051,LA,Jefferson,421777,42.7,14.9,16.2,30.3,41.6
22053,LA,Jefferson Davis,31553,42.8,19.9,14.8,33.4,42.7
22055,LA,Lafayette,249750,39.1,16.0,13.0,24.4,34.5
22057,LA,Lafourche,95056,43.1,19.1,14.7,32.7,47.2
22059,LA,LaSalle,14800,38.4,18.6,13.1,30.2,38.6
22061,LA,Lincoln,47962,38.9,15.9,13.5,30.7,42.6
22063,LA,Livingston,150145,40.1,17.1,12.7,27.3,38.9
22065,LA,Madison,9246,53.4,25.5,22.6,43.8,49.9
22067,LA,Morehouse,23955,52.6,23.0,20.3,38.7,44.8
22069,LA,Natchitoches,36291,43.6,17.7,15.5,32.1,40.1
22071,LA,Orleans,364136,41.9,15.0,16.2,26.8,34.4
22073,LA,Ouachita,157568,44.6,17.9,15.4,32.9,43.9
22075,LA,Plaquemines,22386,40.0,16.8,13.8,29.5,38.7
22077,LA,Pointe Coupee,20000,47.5,18.5,17.1,34.2,39.9
22079,LA,Rapides,126260,43.8,18.7,15.6,31.4,40.7
22081,LA,Red River,7356,49.7,23.2,19.8,39.9,43.9
22083,LA,Richland,19712,46.7,21.4,17.7,36.0,43.1
22085,LA,Sabine,21906,47.1,21.1,17.9,36.3,44.7
22087,LA,St. Bernard,44463,42.0,20.2,15.3,33.6,42.8
22089,LA,St. Charles,50620,41.2,15.1,13.2,27.6,37.7
22091,LA,St. Helena,10774,49.3,21.8,19.8,39.2,42.7
22093,LA,St. James,19191,46.0,16.5,16.5,32.4,43.7
22095,LA,St. John the Baptist,39592,46.4,16.7,17.2,31.7,41.8
22097,LA,St. Landry,81464,47.3,22.0,18.2,36.3,40.4
22099,LA,St. Martin,51057,43.7,19.7,15.5,33.3,45.3
22101,LA,St. Mary,47055,47.4,21.3,18.1,36.6,45.0
22103,LA,St. Tammany,275583,38.9,14.5,13.3,26.0,37.4
22105,LA,Tangipahoa,138064,40.7,18.6,14.6,30.4,43.0
22107,LA,Tensas,3764,57.3,22.8,25.1,43.1,48.4
22109,LA,Terrebonne,103616,41.4,18.8,15.2,33.1,41.3
22111,LA,Union,20650,48.4,20.8,18.4,35.9,37.0
22113,LA,Vermilion,56992,42.5,20.2,15.0,32.1,42.8
22115,LA,Vernon,46250,38.8,18.3,12.5,31.6,38.5
22117,LA,Washington,44865,46.9,21.7,17.8,37.7,45.5
22119,LA,Webster,35238,49.4,22.8,19.5,39.0,44.6
22121,LA,West Baton Rouge,28266,42.6,16.2,14.0,28.1,41.6
22123,LA,West Carroll,9323,45.6,20.0,16.5,33.7,40.1
22125,LA,West Feliciana,15371,44.4,17.0,14.6,28.5,40.7
22127,LA,Winn,13216,46.6,20.6,17.1,35.6,45.9
23001,ME,Androscoggin,113765,33.5,16.3,12.1,26.9,35.8
23003,ME,Aroostook,67351,43.3,17.9,14.8,32.0,40.0
23005,ME,Cumberland,310230,32.1,10.9,8.9,17.1,26.7
23007,ME,Franklin,30828,36.6,15.6,11.3,25.2,34.6
23009,ME,Hancock,56526,35.8,13.3,11.2,20.6,29.4
23011,ME,Kennebec,127259,34.6,15.4,11.8,24.7,32.5
23013,ME,Knox,40977,36.2,13.6,11.2,21.7,28.8
23015,ME,Lincoln,36507,38.8,12.7,11.8,21.4,30.9
23017,ME,Oxford,59905,38.1,17.8,13.7,25.4,35.0
23019,ME,Penobscot,155312,37.2,15.6,11.5,26.2,38.0
23021,ME,Piscataquis,17486,40.5,18.0,13.8,28.1,34.6
23023,ME,Sagadahoc,37513,35.0,13.9,10.8,22.2,29.6
23025,ME,Somerset,51302,39.3,19.7,13.9,28.1,37.2
23027,ME,Waldo,40620,36.1,15.4,11.7,23.6,34.3
23029,ME,Washington,31555,43.1,18.3,14.9,32.5,39.8
23031,ME,York,218586,35.3,13.4,10.4,21.3,33.1
24001,MD,Allegany,67273,39.6,17.7,13.3,32.0,36.6
24003,MD,Anne Arundel,594582,34.5,10.6,10.4,20.5,34.5
24005,MD,Baltimore,844703,36.7,11.1,13.1,26.3,34.0
24009,MD,Calvert,94728,36.9,11.1,10.9,19.8,36.3
24011,MD,Caroline,33593,41.3,17.4,14.2,28.6,41.7
24013,MD,Carroll,176639,34.4,10.9,10.3,23.2,37.7
24015,MD,Cecil,105672,39.2,15.3,13.2,27.8,41.3
24017,MD,Charles,171973,41.4,11.5,13.4,23.3,41.9
24019,MD,Dorchester,32879,44.2,16.1,16.6,29.8,41.8
24021,MD,Frederick,293391,33.9,9.2,10.6,20.1,34.7
24023,MD,Garrett,28423,42.4,14.2,14.1,27.1,36.3
24025,MD,Harford,264644,35.9,10.9,11.6,20.6,35.8
24027,MD,Howard,336001,34.5,7.4,10.4,16.4,30.0
24029,MD,Kent,19303,43.0,11.9,13.7,24.4,35.1
24031,MD,Montgomery,1058474,32.7,7.2,10.8,19.2,26.1
24033,MD,Prince George's,947430,40.0,10.5,15.2,27.1,42.2
24035,MD,Queen Anne's,52508,38.4,11.7,11.6,20.9,29.4
24037,MD,St. Mary's,115281,34.7,12.7,11.4,22.7,37.4
24039,MD,Somerset,24910,42.7,16.9,14.2,31.3,38.4
24041,MD,Talbot,37823,41.6,10.9,13.1,24.2,30.1
24043,MD,Washington,155813,38.9,15.1,13.3,29.5,39.0
24045,MD,Wicomico,104800,36.7,13.4,12.6,28.0,39.6
24047,MD,Worcester,54171,42.1,12.3,13.7,25.7,33.1
24510,MD,Baltimore,565239,40.6,15.8,14.4,27.4,38.7
25001,MA,Barnstable,231735,38.2,10.5,10.7,19.0,26.3
25003,MA,Berkshire,126818,34.8,12.7,10.9,22.2,31.2
25005,MA,Bristol,581841,33.5,15.8,10.8,24.8,32.1
25007,MA,Dukes,20819,36.0,10.8,10.6,19.0,25.5
25009,MA,Essex,810089,32.1,11.4,10.3,24.1,30.0
25011,MA,Franklin,70836,36.3,12.8,10.8,22.1,26.3
25013,MA,Hampden,460291,34.7,14.8,12.1,29.8,34.9
25015,MA,Hampshire,162502,26.7,9.7,8.2,17.4,22.2
25017,MA,Middlesex,1623952,27.6,9.1,8.5,18.3,23.8
25019,MA,Nantucket,14444,29.4,9.1,8.6,17.2,27.7
25021,MA,Norfolk,727473,29.8,9.2,9.0,17.1,23.5
25023,MA,Plymouth,535308,32.6,11.9,10.3,20.4,29.7
25025,MA,Suffolk,768425,27.4,11.1,9.3,23.8,24.2
25027,MA,Worcester,866866,33.2,12.3,10.4,23.8,32.6
26001,MI,Alcona,10489,46.0,15.9,16.0,28.7,39.0
26003,MI,Alger,8757,40.6,16.0,13.2,25.8,36.1
26005,MI,Allegan,121939,34.7,14.8,11.6,24.9,35.6
26007,MI,Alpena,28904,41.6,17.8,14.2,28.5,41.3
26009,MI,Antrim,24409,39.9,13.4,12.8,23.3,36.4
26011,MI,Arenac,15145,42.7,17.8,14.7,28.3,38.6
26013,MI,Baraga,8310,40.9,18.6,14.5,28.6,40.3
26015,MI,Barry,63808,35.3,14.9,11.2,24.1,37.0
26017,MI,Bay,102500,37.7,15.7,12.6,26.3,38.0
26019,MI,Benzie,18441,39.9,13.5,12.8,23.7,35.4
26021,MI,Berrien,152261,39.8,15.0,13.5,27.2,38.8
26023,MI,Branch,45215,39.6,18.0,13.3,28.2,36.0
26025,MI,Calhoun,133366,39.4,16.7,13.3,27.8,42.5
26027,MI,Cass,51642,39.3,16.3,13.1,26.8,36.2
26029,MI,Charlevoix,26159,38.9,13.1,12.3,22.5,35.0
26031,MI,Cheboygan,26048,42.4,16.7,14.6,26.7,41.1
26033,MI,Chippewa,36264,38.6,17.6,12.7,26.5,35.6
26035,MI,Clare,31316,44.5,19.5,15.4,30.4,40.5
26037,MI,Clinton,79720,33.9,12.9,10.6,21.8,35.2
26039,MI,Crawford,13538,42.4,17.6,14.9,28.9,37.5
26041,MI,Delta,36790,40.1,16.4,13.8,26.8,39.9
26043,MI,Dickinson,25982,39.2,15.1,12.6,25.7,38.1
26045,MI,Eaton,108820,35.9,13.3,11.4,24.0,38.9
26047,MI,Emmet,34123,37.6,12.8,11.5,21.4,32.7
26049,MI,Genesee,401522,39.0,17.0,13.2,28.1,40.6
26051,MI,Gladwin,25853,43.4,18.2,15.0,29.2,40.6
26053,MI,Gogebic,14224,43.8,16.6,15.2,28.4,37.0
26055,MI,Grand Traverse,96421,35.2,12.8,10.7,22.5,35.3
26057,MI,Gratiot,41368,35.8,16.6,11.6,26.3,36.7
26059,MI,Hillsdale,45587,40.5,17.8,13.5,28.2,37.6
26061,MI,Houghton,37599,31.5,13.1,10.0,21.8,33.7
26063,MI,Huron,30927,41.8,16.6,14.3,28.8,38.6
26065,MI,Ingham,284637,32.0,13.0,10.2,22.0,34.5
26067,MI,Ionia,66262,35.8,16.3,11.1,24.9,40.2
26069,MI,Iosco,25373,45.7,18.2,15.9,30.7,38.8
26071,MI,Iron,11740,45.0,16.6,15.3,28.5,39.0
26073,MI,Isabella,64118,32.1,15.8,10.5,25.5,39.5
26075,MI,Jackson,159424,38.9,15.4,12.5,27.4,39.2
26077,MI,Kalamazoo,262215,31.4,12.9,9.7,22.8,37.4
26079,MI,Kalkaska,18490,40.3,17.8,13.5,27.2,38.7
26081,MI,Kent,661354,32.2,13.0,10.3,21.6,34.8
26083,MI,Keweenaw,2172,42.7,11.5,13.4,22.8,33.7
26085,MI,Lake,12734,45.7,20.9,17.2,34.1,40.5
26087,MI,Lapeer,88977,37.2,16.1,11.9,25.5,35.5
26089,MI,Leelanau,23019,39.6,10.6,12.2,20.5,31.7
26091,MI,Lenawee,97520,37.6,15.5,12.4,26.4,40.6
26093,MI,Livingston,196757,32.3,11.9,9.7,20.9,32.3
26095,MI,Luce,6435,41.7,18.1,14.1,27.8,40.9
26097,MI,Mackinac,10851,43.2,17.7,16.4,29.3,41.2
26099,MI,Macomb,875101,37.7,15.2,11.4,26.3,37.5
26101,MI,Manistee,25562,40.8,15.6,13.7,28.5,36.6
26103,MI,Marquette,66999,34.0,13.5,10.6,21.4,36.4
26105,MI,Mason,29159,40.7,15.7,13.8,25.4,40.4
26107,MI,Mecosta,41099,37.4,16.7,12.4,27.2,37.1
26109,MI,Menominee,22945,42.0,16.7,13.9,27.7,38.9
26111,MI,Midland,84039,35.5,13.2,10.8,21.6,31.8
26113,MI,Missaukee,15311,40.2,17.3,13.3,28.2,39.3
26115,MI,Monroe,155045,37.6,15.2,12.3,24.9,40.6
26117,MI,Montcalm,68154,37.7,18.3,12.4,26.9,42.5
26119,MI,Montmorency,9678,45.7,18.3,16.5,29.8,38.6
26121,MI,Muskegon,176564,36.7,17.1,12.7,27.9,44.3
26123,MI,Newaygo,51108,39.8,18.0,13.2,27.8,37.8
26125,MI,Oakland,1270426,34.5,10.8,10.2,19.1,31.3
26127,MI,Oceana,26981,39.2,16.7,13.7,28.3,40.6
26129,MI,Ogemaw,20990,43.4,18.3,15.3,29.5,39.4
26131,MI,Ontonagon,5906,47.8,16.3,16.5,28.9,37.0
26133,MI,Osceola,23330,40.4,18.1,13.7,29.0,39.6
26135,MI,Oscoda,8545,45.4,19.4,16.5,31.4,38.4
26137,MI,Otsego,25747,38.2,15.1,12.3,25.7,38.1
26139,MI,Ottawa,303372,31.3,11.4,9.4,20.1,32.3
26141,MI,Presque Isle,13285,44.5,16.3,15.6,28.5,40.9
26143,MI,Roscommon,23863,45.1,16.5,15.7,28.4,39.2
26145,MI,Saginaw,187782,40.1,16.2,14.1,30.6,36.6
26147,MI,St. Clair,159874,38.7,16.3,12.2,25.8,36.5
26149,MI,St. Joseph,60878,37.6,17.4,12.8,26.2,38.3
26151,MI,Sanilac,40368,40.8,17.9,13.8,30.3,40.0
26153,MI,Schoolcraft,8149,43.9,18.1,15.8,29.5,40.3
26155,MI,Shiawassee,68025,37.6,16.3,12.5,26.1,38.8
26157,MI,Tuscola,52826,39.4,17.3,13.2,27.5,41.7
26159,MI,Van Buren,75798,38.4,16.4,13.5,28.0,39.4
26161,MI,Washtenaw,365536,28.2,9.8,8.7,16.1,27.5
26163,MI,Wayne,1751169,40.3,16.9,14.3,29.7,37.4
26165,MI,Wexford,34122,39.2,17.4,13.0,26.4,39.0
27001,MN,Aitkin,16102,41.9,16.4,15.2,28.8,33.2
27003,MN,Anoka,372441,31.3,13.6,10.6,24.6,36.2
27005,MN,Becker,35283,37.9,15.4,11.8,24.6,37.3
27007,MN,Beltrami,46718,32.3,17.5,11.3,26.3,38.5
27009,MN,Benton,41600,30.8,16.0,10.2,23.8,41.5
27011,MN,Big Stone,5105,37.0,15.5,13.2,27.7,37.6
27013,MN,Blue Earth,70006,28.9,13.5,9.4,23.0,33.8
27015,MN,Brown,25628,34.3,14.6,11.5,24.8,35.5
27017,MN,Carlton,36825,33.3,16.2,11.7,25.6,38.8
27019,MN,Carver,111057,26.8,11.3,8.5,19.0,32.0
27021,MN,Cass,31446,39.2,16.9,14.2,28.1,36.9
27023,MN,Chippewa,12172,34.8,16.3,12.8,28.9,40.4
27025,MN,Chisago,58535,32.3,14.8,10.3,22.9,36.5
27027,MN,Clay,66258,29.8,13.7,9.3,21.7,32.9
27029,MN,Clearwater,8644,34.8,18.8,12.8,28.6,34.5
27031,MN,Cook,5639,37.2,13.0,12.9,24.0,35.3
27033,MN,Cottonwood,11319,37.0,15.8,13.1,29.8,39.2
27035,MN,Crow Wing,68304,36.3,14.8,11.8,24.6,37.5
27037,MN,Dakota,447440,29.7,11.3,9.7,22.5,34.5
27039,MN,Dodge,21088,29.6,13.5,9.6,22.6,35.2
27041,MN,Douglas,39953,33.5,13.7,11.4,23.7,35.2
27043,MN,Faribault,13873,36.5,16.4,12.8,28.9,37.6
27045,MN,Fillmore,21522,36.2,15.5,11.8,25.5,40.5
27047,MN,Freeborn,30515,35.9,16.1,12.9,30.0,36.0
27049,MN,Goodhue,48035,34.4,14.7,10.9,25.3,36.0
27051,MN,Grant,6139,36.9,16.6,12.7,26.7,39.7
27053,MN,Hennepin,1258713,28.7,11.1,8.1,18.9,27.1
27055,MN,Houston,18582,33.2,13.8,11.3,25.7,34.1
27057,MN,Hubbard,22132,35.2,14.2,13.3,24.4,35.4
27059,MN,Isanti,43182,31.9,16.2,10.5,24.8,32.8
27061,MN,Itasca,45365,37.8,16.0,13.7,25.4,36.0
27063,MN,Jackson,9919,35.3,14.1,11.7,25.2,35.8
27065,MN,Kanabec,16602,35.8,17.8,12.8,28.0,37.6
27067,MN,Kandiyohi,43813,33.4,14.4,12.3,25.4,40.6
27069,MN,Kittson,4060,36.9,14.3,12.5,25.9,34.0
27071,MN,Koochiching,11751,39.0,15.9,13.4,27.8,37.0
27073,MN,Lac qui Parle,6630,36.3,14.0,12.2,25.9,34.0
27075,MN,Lake,10855,35.8,15.1,12.5,25.5,35.4
27077,MN,Lake of the Woods,3778,37.2,15.3,12.9,25.8,36.2
27079,MN,Le Sueur,29255,32.8,14.3,10.9,22.4,35.3
27081,MN,Lincoln,5521,35.8,15.0,12.0,26.1,36.6
27083,MN,Lyon,25427,31.8,14.7,11.0,24.9,37.9
27085,MN,McLeod,36785,33.5,14.9,11.4,25.8,42.0
27087,MN,Mahnomen,5280,38.1,24.5,16.8,34.5,43.8
27089,MN,Marshall,8810,36.1,15.3,12.1,25.7,39.0
27091,MN,Martin,19657,35.1,15.6,13.0,28.7,36.3
27093,MN,Meeker,23490,34.2,15.6,12.2,26.1,37.1
27095,MN,Mille Lacs,27427,35.8,17.5,12.0,28.2,38.5
27097,MN,Morrison,34250,35.4,16.4,12.0,26.4,37.2
27099,MN,Mower,40058,33.2,15.8,11.8,28.6,37.9
27101,MN,Murray,8049,36.8,14.6,12.6,26.9,36.3
27103,MN,Nicollet,34242,29.5,13.7,9.8,23.2,33.2
27105,MN,Nobles,21727,33.0,16.7,13.5,33.7,38.6
27107,MN,Norman,6329,36.8,15.9,12.5,26.7,35.6
27109,MN,Olmsted,164784,30.1,11.2,9.5,21.3,36.4
27111,MN,Otter Tail,60626,33.5,15.3,12.1,25.9,34.3
27113,MN,Pennington,13714,34.2,15.4,11.2,24.8,40.2
27115,MN,Pine,30197,38.5,18.1,13.1,27.7,39.6
27117,MN,Pipestone,9245,36.3,16.5,12.7,28.0,38.5
27119,MN,Polk,30412,32.0,15.3,11.3,25.9,39.4
27121,MN,Pope,11400,36.8,14.6,12.2,25.1,38.9
27123,MN,Ramsey,536075,30.1,12.5,10.5,20.3,32.1
27125,MN,Red Lake,3911,35.6,15.5,12.0,26.6,38.6
27127,MN,Redwood,15288,35.1,16.3,12.8,26.2,36.5
27129,MN,Renville,14348,35.6,16.6,13.1,28.1,38.8
27131,MN,Rice,67948,31.8,13.9,10.1,25.5,37.5
27133,MN,Rock,9551,33.2,15.4,11.4,26.2,36.6
27135,MN,Roseau,15252,32.5,15.6,11.8,25.1,35.9
27137,MN,St. Louis,200514,32.1,15.2,11.2,23.5,35.2
27139,MN,Scott,155814,30.3,12.2,9.4,22.6,32.0
27141,MN,Sherburne,102206,28.7,14.2,9.0,23.2,39.0
27143,MN,Sibley,15084,34.0,15.7,11.5,27.4,38.8
27145,MN,Stearns,160977,30.1,14.0,10.1,23.1,36.0
27147,MN,Steele,37421,33.3,14.2,10.9,24.3,37.4
27149,MN,Stevens,9728,28.7,13.1,9.7,24.7,36.8
27151,MN,Swift,9719,37.9,16.6,13.2,28.2,38.4
27153,MN,Todd,25667,38.0,17.8,13.3,28.9,39.3
27155,MN,Traverse,3136,37.9,15.9,13.2,28.0,38.7
27157,MN,Wabasha,21683,33.6,13.9,11.6,23.8,37.5
27159,MN,Wadena,14241,34.9,17.2,12.7,29.3,38.4
27161,MN,Waseca,18981,32.4,15.4,11.4,26.4,39.1
27163,MN,Washington,278936,29.4,10.9,10.3,19.1,32.5
27165,MN,Watonwan,11077,34.5,14.9,12.9,29.5,36.8
27167,MN,Wilkin,6306,35.4,16.6,12.3,26.4,38.6
27169,MN,Winona,49721,30.0,13.0,9.8,22.5,33.8
27171,MN,Wright,151150,30.8,12.8,9.2,20.3,35.4
27173,MN,Yellow Medicine,9467,35.6,16.0,12.4,26.9,38.8
28001,MS,Adams,28746,51.7,20.2,20.6,41.6,41.2
28003,MS,Alcorn,34135,45.7,19.3,15.0,35.2,40.0
28005,MS,Amite,12442,52.4,20.4,20.6,41.5,45.0
28007,MS,Attala,17359,48.4,18.2,16.9,37.3,42.6
28009,MS,Benton,7438,48.3,19.4,17.4,36.7,42.4
28011,MS,Bolivar,28968,51.9,19.8,20.5,42.3,46.5
28013,MS,Calhoun,12685,49.0,20.1,18.2,37.6,41.1
28015,MS,Carroll,9535,50.1,19.4,18.6,38.9,40.0
28017,MS,Chickasaw,16866,47.8,19.9,18.4,38.9,43.3
28019,MS,Choctaw,8088,47.9,17.2,16.9,35.3,40.2
28021,MS,Claiborne,8617,51.2,18.7,20.4,41.5,47.8
28023,MS,Clarke,15228,49.5,19.0,17.8,35.7,38.6
28025,MS,Clay,18206,50.5,19.1,19.1,38.8,47.6
28027,MS,Coahoma,20077,53.4,21.1,21.8,42.8,46.4
28029,MS,Copiah,27664,48.6,17.8,18.2,37.3,41.8
28031,MS,Covington,18059,46.3,18.0,15.6,35.1,40.4
28033,MS,DeSoto,193247,40.0,13.9,12.4,27.9,37.3
28035,MS,Forrest,78208,39.5,15.2,13.1,29.8,35.8
28037,MS,Franklin,7610,50.3,20.0,18.5,38.2,40.4
28039,MS,George,25619,39.8,18.2,13.1,31.7,37.2
28041,MS,Greene,13601,43.1,19.2,14.0,33.7,41.9
28043,MS,Grenada,21065,48.2,18.5,17.6,37.0,46.1
28045,MS,Hancock,46159,43.3,15.7,14.3,31.2,37.3
28047,MS,Harrison,210612,42.3,16.3,14.1,35.0,36.5
28049,MS,Hinds,214870,47.9,15.9,17.0,34.7,44.0
28051,MS,Holmes,15777,55.3,22.4,23.3,45.0,50.7
28053,MS,Humphreys,7216,57.3,23.2,24.7,47.9,52.4
28055,MS,Issaquena,1256,46.1,21.6,16.4,41.0,45.3
28057,MS,Itawamba,24093,40.0,16.1,12.2,31.8,36.2
28059,MS,Jackson,146389,45.0,15.4,15.0,30.5,40.7
28061,MS,Jasper,16013,50.6,18.7,19.0,40.2,44.9
28063,MS,Jefferson,6941,57.1,21.5,23.6,45.0,51.5
28065,MS,Jefferson Davis,10969,54.8,20.0,21.8,41.6,45.4
28067,MS,Jones,66250,46.5,17.6,16.0,36.2,41.6
28069,MS,Kemper,8584,49.9,17.5,18.4,37.9,43.7
28071,MS,Lafayette,58467,34.1,12.9,10.9,26.6,34.4
28073,MS,Lamar,66217,40.5,14.8,12.4,29.4,38.7
28075,MS,Lauderdale,70527,47.5,18.5,16.7,35.7,42.1
28077,MS,Lawrence,11741,50.2,21.7,18.8,40.8,46.3
28079,MS,Leake,21258,47.9,19.3,17.0,38.1,42.8
28081,MS,Lee,82799,44.3,15.4,13.9,32.1,36.4
28083,MS,Leflore,26378,51.5,20.9,20.9,41.6,43.4
28085,MS,Lincoln,34702,45.3,18.0,15.7,34.9,40.5
28087,MS,Lowndes,57283,45.1,15.9,15.5,33.2,37.5
28089,MS,Madison,112511,40.3,12.0,12.4,26.3,36.3
28091,MS,Marion,24224,48.0,20.4,17.2,37.3,43.5
28093,MS,Marshall,34123,49.3,20.3,18.5,38.2,41.9
28095,MS,Monroe,33609,47.9,18.7,16.7,38.3,42.9
28097,MS,Montgomery,9600,51.2,19.4,19.6,40.1,43.5
28099,MS,Neshoba,28789,44.4,21.0,16.5,37.8,43.1
28101,MS,Newton,21019,44.6,18.4,15.7,34.3,40.9
28103,MS,Noxubee,9914,52.2,21.3,21.2,42.1,46.4
28105,MS,Oktibbeha,51203,34.6,12.4,10.9,27.5,34.5
28107,MS,Panola,32669,48.6,20.4,18.4,39.7,46.3
28109,MS,Pearl River,57978,42.8,17.6,14.4,33.0,38.0
28111,MS,Perry,11315,46.7,19.5,16.2,36.3,43.7
28113,MS,Pike,39394,50.2,20.3,18.9,38.7,46.0
28115,MS,Pontotoc,31535,42.0,17.7,13.8,34.2,38.9
28117,MS,Prentiss,25135,41.9,17.5,13.9,34.0,40.5
28119,MS,Quitman,5546,54.8,23.2,22.8,45.1,51.2
28121,MS,Rankin,160417,40.7,13.1,12.1,27.2,36.6
28123,MS,Scott,27507,46.7,20.6,18.3,40.9,43.4
28125,MS,Sharkey,3336,58.4,22.8,25.2,46.6,50.3
28127,MS,Simpson,25715,46.2,18.1,16.2,35.1,40.2
28129,MS,Smith,14099,48.5,19.8,16.9,37.6,43.6
28131,MS,Stone,18756,43.0,17.1,14.0,33.2,41.0
28133,MS,Sunflower,24468,50.4,21.4,19.3,41.8,48.6
28135,MS,Tallahatchie,11837,50.7,20.7,18.9,40.7,44.9
28137,MS,Tate,28261,41.8,16.4,14.2,32.8,36.1
28139,MS,Tippah,21287,43.5,18.7,15.3,35.9,43.3
28141,MS,Tishomingo,18507,44.5,19.0,15.0,35.2,39.5
28143,MS,Tunica,9234,52.8,23.5,21.4,45.1,51.0
28145,MS,Union,28284,43.0,18.5,14.1,33.5,41.6
28147,MS,Walthall,13863,49.6,19.3,17.8,37.7,43.1
28149,MS,Warren,42298,46.4,16.1,16.2,32.9,43.8
28151,MS,Washington,41946,53.9,20.7,21.0,40.8,44.2
28153,MS,Wayne,19703,47.7,20.2,17.8,38.0,44.2
28155,MS,Webster,9988,43.2,16.9,13.7,32.2,36.5
28157,MS,Wilkinson,8058,52.9,20.6,20.6,41.8,47.4
28159,MS,Winston,17416,50.8,19.8,19.5,37.9,41.7
28161,MS,Yalobusha,12386,50.7,20.7,19.0,39.8,40.1
28163,MS,Yazoo,25796,49.5,23.5,18.5,42.6,50.5
29001,MO,Adair,25122,30.3,14.3,10.0,28.1,34.7
29003,MO,Andrew,18127,38.3,15.4,11.6,27.3,36.0
29005,MO,Atchison,5107,43.5,18.0,14.9,34.0,41.6
29007,MO,Audrain,24394,39.6,20.2,14.1,34.8,40.0
29009,MO,Barry,35265,40.9,20.2,15.0,36.6,37.8
29011,MO,Barton,11731,41.8,21.6,15.2,35.8,40.7
29013,MO,Bates,16242,40.2,20.5,13.8,34.0,41.2
29015,MO,Benton,20552,45.5,19.3,16.7,34.7,38.9
29017,MO,Bollinger,10544,41.7,20.6,14.1,34.7,39.3
29019,MO,Boone,189463,30.1,12.2,9.5,23.8,29.8
29021,MO,Buchanan,82956,37.9,18.6,13.0,32.7,42.9
29023,MO,Butler,41948,42.5,22.1,15.3,37.7,41.1
29025,MO,Caldwell,8955,39.1,18.5,13.0,32.6,38.9
29027,MO,Callaway,44731,37.0,16.7,11.9,29.0,36.9
29029,MO,Camden,44044,42.3,16.4,14.7,31.7,35.6
29031,MO,Cape Girardeau,82984,35.4,14.9,11.2,28.4,34.7
29033,MO,Carroll,8391,39.9,18.3,13.9,33.7,38.6
29035,MO,Carter,5303,43.3,22.6,15.7,37.0,40.0
29037,MO,Cass,111732,35.3,14.9,11.5,26.3,38.0
29039,MO,Cedar,14672,42.6,20.3,15.6,35.3,39.8
29041,MO,Chariton,7399,41.0,17.8,14.0,32.1,38.3
29043,MO,Christian,94422,35.0,14.8,10.7,26.5,36.3
29045,MO,Clark,6641,42.0,21.0,14.9,35.4,41.7
29047,MO,Clay,259772,34.9,14.2,10.8,24.5,37.4
29049,MO,Clinton,21548,38.3,17.0,12.0,30.3,39.5
29051,MO,Cole,77278,36.9,13.9,11.0,27.4,36.6
29053,MO,Cooper,16947,37.5,16.6,12.2,30.7,37.5
29055,MO,Crawford,22719,39.2,20.3,14.1,33.7,41.9
29057,MO,Dade,7716,43.8,20.9,16.0,35.2,40.7
29059,MO,Dallas,17768,41.0,21.4,14.9,35.0,39.5
29061,MO,Daviess,8551,41.1,19.6,14.2,33.8,38.4
29063,MO,DeKalb,9899,39.2,17.4,12.5,30.3,38.9
29065,MO,Dent,14647,41.7,19.9,14.6,34.1,39.5
29067,MO,Douglas,12228,42.9,20.1,15.3,34.8,38.0
29069,MO,Dunklin,27032,44.1,22.8,16.0,42.4,46.2
29071,MO,Franklin,106404,37.4,16.4,12.2,29.4,39.6
29073,MO,Gasconade,14705,40.7,17.6,13.5,30.5,39.3
29075,MO,Gentry,6287,38.9,19.3,13.2,33.1,41.2
29077,MO,Greene,304611,33.1,15.4,11.0,26.1,36.7
29079,MO,Grundy,9815,41.0,19.4,14.3,34.9,39.0
29081,MO,Harrison,8220,41.3,19.7,14.7,34.8,39.3
29083,MO,Henry,22485,41.3,19.7,14.4,33.8,38.5
29085,MO,Hickory,8718,50.1,23.2,19.7,41.1,43.0
29087,MO,Holt,4248,41.3,17.6,14.1,33.3,36.6
29089,MO,Howard,10101,36.7,15.7,12.0,29.2,34.8
29091,MO,Howell,40735,40.7,21.6,14.9,34.4,36.8
29093,MO,Iron,9440,42.5,20.5,15.0,35.3,42.3
29095,MO,Jackson,718560,35.7,15.8,12.1,30.9,37.2
29097,MO,Jasper,125056,37.3,18.5,12.8,32.4,40.0
29099,MO,Jefferson,231230,35.5,16.5,11.2,27.7,40.3
29101,MO,Johnson,54962,30.1,15.2,9.6,26.0,35.3
29103,MO,Knox,3723,42.0,21.2,15.1,35.2,39.5
29105,MO,Laclede,36680,39.8,21.1,14.0,34.6,38.5
29107,MO,Lafayette,33196,37.0,16.5,11.8,28.9,37.0
29109,MO,Lawrence,38872,39.1,20.4,13.7,35.3,40.1
29111,MO,Lewis,9818,37.2,18.8,12.7,32.6,36.6
29113,MO,Lincoln,64699,34.3,17.6,11.1,28.8,39.9
29115,MO,Linn,11791,39.3,18.8,13.5,32.9,35.7
29117,MO,Livingston,14557,38.3,18.7,12.6,32.3,39.4
29119,MO,McDonald,23903,41.0,23.3,15.8,38.5,43.0
29121,MO,Macon,15161,39.1,16.9,12.9,31.5,34.4
29123,MO,Madison,12698,38.6,19.3,13.2,32.2,37.7
29125,MO,Maries,8430,40.1,18.8,13.6,33.1,38.2
29127,MO,Marion,28336,38.2,17.3,12.8,31.4,39.6
29129,MO,Mercer,3469,43.4,20.0,15.6,35.7,41.1
29131,MO,Miller,25590,38.8,18.6,13.2,31.5,37.5
29133,MO,Mississippi,11822,44.4,23.6,16.7,41.4,47.6
29135,MO,Moniteau,15256,36.3,18.0,11.9,30.7,39.2
29137,MO,Monroe,8698,42.2,19.3,15.0,33.9,37.8
29139,MO,Montgomery,11459,40.4,19.5,13.9,33.7,37.3
29141,MO,Morgan,21970,43.0,21.1,15.8,36.9,38.2
29143,MO,New Madrid,15424,43.6,21.4,16.1,39.0,43.2
29145,MO,Newton,60677,38.4,17.9,13.4,31.4,38.8
29147,MO,Nodaway,20695,33.0,14.7,10.6,27.8,36.1
29149,MO,Oregon,8720,43.8,22.8,16.5,37.0,41.1
29151,MO,Osage,13468,35.9,16.0,11.2,27.8,35.6
29153,MO,Ozark,8970,47.7,23.1,18.3,39.2,42.5
29155,MO,Pemiscot,14613,45.0,24.8,17.9,42.1,44.9
29157,MO,Perry,18950,38.4,17.5,12.5,31.0,36.0
29159,MO,Pettis,43530,36.3,17.9,12.6,32.1,36.1
29161,MO,Phelps,45284,35.4,16.4,11.7,29.1,34.6
29163,MO,Pike,17935,40.3,20.3,13.5,33.5,38.3
29165,MO,Platte,111940,33.9,12.1,10.0,22.8,37.0
29167,MO,Polk,32780,38.0,18.9,13.0,33.2,38.7
29169,MO,Pulaski,53812,28.5,15.0,8.6,26.6,35.8
29171,MO,Putnam,4638,40.8,17.1,13.6,31.5,35.0
29173,MO,Ralls,10489,41.8,18.9,14.1,32.6,40.1
29175,MO,Randolph,24109,37.8,19.4,12.7,31.9,37.7
29177,MO,Ray,23182,39.8,18.7,13.3,33.2,39.6
29179,MO,Reynolds,5950,43.2,21.8,15.9,36.7,41.2
29181,MO,Ripley,10806,41.8,23.0,15.6,37.4,41.3
29183,MO,St. Charles,416659,31.9,12.2,10.3,23.2,35.7
29185,MO,St. Clair,9752,45.0,20.9,16.2,36.9,37.6
29186,MO,Ste. Genevieve,18642,39.4,17.1,12.5,30.2,37.2
29187,MO,St. Francois,67058,39.2,20.7,12.9,34.4,40.3
29189,MO,St. Louis,987059,36.9,13.2,11.5,25.4,31.3
29195,MO,Saline,23049,35.3,16.2,12.4,31.8,37.7
29197,MO,Schuyler,4053,38.2,17.3,12.2,31.2,38.8
29199,MO,Scotland,4676,38.3,19.1,12.8,33.3,37.1
29201,MO,Scott,37889,39.8,19.2,13.4,36.3,38.1
29203,MO,Shannon,7238,42.5,20.7,15.2,34.6,37.0
29205,MO,Shelby,5931,42.6,20.5,14.9,34.9,40.3
29207,MO,Stoddard,28397,40.2,21.6,14.2,35.2,37.6
29209,MO,Stone,32658,45.5,17.3,15.6,32.9,41.1
29211,MO,Sullivan,5797,41.1,18.7,15.1,35.4,40.1
29213,MO,Taney,56775,39.4,16.8,13.3,31.0,35.7
29215,MO,Texas,25619,43.8,21.7,15.8,36.5,42.1
29217,MO,Vernon,19710,40.5,20.5,14.3,34.4,37.8
29219,MO,Warren,37806,37.8,17.1,12.3,31.1,39.0
29221,MO,Washington,23534,41.0,22.9,14.8,35.3,41.9
29223,MO,Wayne,10811,45.4,23.9,17.4,39.1,41.5
29225,MO,Webster,41472,37.1,19.4,12.2,31.1,41.7
29227,MO,Worth,1907,43.8,19.2,15.5,35.1,40.2
29229,MO,Wright,19403,41.3,23.0,15.5,38.2,42.2
29510,MO,St. Louis,281754,37.5,16.5,13.3,27.0,37.0
30001,MT,Beaverhead,9885,34.0,13.1,10.5,21.0,28.3
30003,MT,Big Horn,12751,35.6,24.7,15.1,28.3,35.5
30005,MT,Blaine,6899,36.9,20.8,14.3,27.6,41.1
30007,MT,Broadwater,8032,35.3,13.9,10.4,21.6,30.7
30009,MT,Carbon,11419,40.1,13.4,11.8,22.2,33.0
30011,MT,Carter,1418,39.9,15.0,12.3,24.9,32.9
30013,MT,Cascade,84900,33.9,14.4,10.4,23.5,35.3
30015,MT,Chouteau,5847,37.5,16.6,12.2,24.3,35.6
30017,MT,Custer,11985,33.7,14.5,10.5,23.6,32.6
30019,MT,Daniels,1633,36.5,13.3,11.2,22.6,33.5
30021,MT,Dawson,8810,33.2,13.5,10.1,22.5,32.8
30023,MT,Deer Lodge,9673,38.1,17.0,12.9,25.2,32.4
30025,MT,Fallon,2994,32.7,14.3,10.2,23.3,31.4
30027,MT,Fergus,11772,37.3,14.6,11.4,23.8,31.2
30029,MT,Flathead,113679,31.1,12.8,9.3,19.3,31.2
30031,MT,Gallatin,126409,23.7,9.7,6.7,13.9,23.0
30033,MT,Garfield,1211,36.6,14.8,11.5,24.6,30.6
30035,MT,Glacier,13609,36.2,26.5,15.5,32.2,39.7
30037,MT,Golden Valley,835,43.3,16.1,14.7,28.0,32.5
30039,MT,Granite,3595,39.4,14.3,12.3,24.2,30.4
30041,MT,Hill,16276,36.3,18.2,12.1,25.3,38.5
30043,MT,Jefferson,13048,33.4,12.7,10.3,21.3,32.8
30045,MT,Judith Basin,2093,39.9,14.9,12.9,25.0,31.5
30047,MT,Lake,33338,36.4,15.5,12.2,23.7,33.0
30049,MT,Lewis and Clark,75011,30.6,12.0,9.3,18.3,31.0
30051,MT,Liberty,1974,39.4,17.7,13.1,27.9,34.0
30053,MT,Lincoln,21895,42.6,16.7,14.0,27.0,37.8
30055,MT,McCone,1676,38.1,12.7,11.1,22.6,32.4
30057,MT,Madison,9521,35.8,12.2,10.6,19.4,28.7
30059,MT,Meagher,2071,39.0,13.3,12.5,23.7,32.3
30061,MT,Mineral,5090,39.3,15.0,12.8,25.0,36.0
30063,MT,Missoula,121849,26.3,11.5,8.3,16.5,26.2
30065,MT,Musselshell,5308,38.8,15.4,12.7,26.7,35.6
30067,MT,Park,17903,34.0,13.5,10.5,22.2,30.4
30069,MT,Petroleum,554,39.6,13.9,12.4,23.8,32.9
30071,MT,Phillips,4249,35.8,15.1,12.0,24.8,38.8
30073,MT,Pondera,6125,37.6,19.1,13.6,29.1,37.2
30075,MT,Powder River,1743,37.1,13.3,11.9,22.2,30.4
30077,MT,Powell,7133,35.0,16.9,11.3,25.1,35.8
30079,MT,Prairie,1112,44.8,17.5,16.2,30.9,33.5
30081,MT,Ravalli,47738,34.3,12.7,10.4,20.4,31.9
30083,MT,Richland,11173,31.3,13.8,9.2,23.3,37.9
30085,MT,Roosevelt,10319,36.0,23.4,14.1,29.4,41.0
30087,MT,Rosebud,8160,39.4,20.2,13.6,27.4,39.5
30089,MT,Sanders,13684,40.4,16.6,13.7,26.2,34.9
30091,MT,Sheridan,3498,37.5,14.7,11.5,23.7,35.5
30093,MT,Silver Bow,36360,32.5,14.1,10.2,22.0,32.3
30095,MT,Stillwater,9173,35.1,12.9,10.8,21.0,30.2
30097,MT,Sweet Grass,3763,36.1,13.0,10.9,22.0,29.4
30099,MT,Teton,6430,35.0,14.1,11.0,24.0,30.9
30101,MT,Toole,5133,34.1,19.3,11.5,26.7,35.6
30103,MT,Treasure,772,40.0,13.1,12.5,23.6,33.2
30105,MT,Valley,7474,39.3,14.1,11.6,24.6,32.7
30107,MT,Wheatland,2057,38.9,17.0,13.0,26.8,32.0
30109,MT,Wibaux,910,37.2,14.4,11.6,24.1,32.5
30111,MT,Yellowstone,170843,31.7,13.9,9.5,20.8,34.0
31001,NE,Adams,30899,35.6,13.6,11.8,26.9,41.2
31003,NE,Antelope,6302,38.7,14.4,12.9,28.5,42.4
31005,NE,Arthur,412,37.3,13.6,12.1,26.6,41.7
31007,NE,Banner,674,39.2,12.8,13.1,27.2,38.5
31009,NE,Blaine,436,39.7,15.1,13.3,29.2,39.3
31011,NE,Boone,5310,37.4,14.8,12.7,29.4,33.1
31013,NE,Box Butte,10692,36.6,14.8,13.0,30.4,38.8
31015,NE,Boyd,1725,43.0,14.7,14.8,30.5,37.9
31017,NE,Brown,2853,39.3,14.7,13.2,29.2,40.2
31019,NE,Buffalo,50697,32.0,12.2,9.6,23.7,37.3
31021,NE,Burt,6727,39.9,15.2,13.1,29.1,40.3
31023,NE,Butler,8459,34.8,14.1,11.3,27.3,38.6
31025,NE,Cass,27446,34.5,13.0,10.8,25.2,40.2
31027,NE,Cedar,8262,35.5,12.5,11.3,25.4,40.2
31029,NE,Chase,3724,36.8,14.0,12.7,30.0,36.9
31031,NE,Cherry,5492,37.5,15.4,13.1,28.4,40.8
31033,NE,Cheyenne,9541,37.5,15.1,12.9,29.9,34.7
31035,NE,Clay,6116,35.5,14.9,11.8,27.6,40.1
31037,NE,Colfax,10566,32.1,14.4,13.2,32.3,38.8
31039,NE,Cuming,8918,37.5,13.5,12.1,28.4,40.4
31041,NE,Custer,10581,37.9,14.1,12.2,28.3,40.0
31043,NE,Dakota,21268,31.7,14.7,12.8,32.9,44.3
31045,NE,Dawes,8133,32.2,12.3,10.6,25.7,35.5
31047,NE,Dawson,24085,35.0,15.0,13.5,32.8,41.1
31049,NE,Deuel,1871,41.6,14.6,14.2,29.4,39.8
31051,NE,Dixon,5491,36.8,15.3,13.2,31.3,43.3
31053,NE,Dodge,37187,34.1,15.0,11.9,28.4,39.7
31055,NE,Douglas,589540,30.6,13.4,9.8,22.1,36.9
31057,NE,Dundy,1561,41.2,14.3,14.2,29.6,37.0
31059,NE,Fillmore,5548,36.9,14.0,12.3,28.6,42.1
31061,NE,Franklin,2825,41.9,15.9,14.2,30.7,39.2
31063,NE,Frontier,2585,36.5,13.0,11.9,26.7,37.4
31065,NE,Furnas,4556,39.6,14.9,13.5,29.1,44.4
31067,NE,Gage,21634,39.6,15.8,12.6,28.7,41.8
31069,NE,Garden,1794,44.0,15.9,15.5,32.6,40.2
31071,NE,Garfield,1763,38.0,12.4,12.3,26.7,38.8
31073,NE,Gosper,1847,37.6,13.2,12.4,26.5,38.4
31075,NE,Grant,565,37.6,13.3,12.1,25.9,36.5
31077,NE,Greeley,2219,37.8,14.3,12.6,28.5,34.7
31079,NE,Hall,62197,32.8,14.6,12.0,31.2,41.2
31081,NE,Hamilton,9537,34.3,12.5,10.5,24.7,40.7
31083,NE,Harlan,3045,39.4,14.0,13.0,29.3,35.4
31085,NE,Hayes,846,40.8,14.4,14.1,31.2,41.0
31087,NE,Hitchcock,2552,40.4,14.8,13.4,29.8,41.6
31089,NE,Holt,10093,36.6,14.3,12.9,29.4,38.4
31091,NE,Hooker,679,39.8,14.6,13.3,29.0,39.7
31093,NE,Howard,6527,37.6,13.7,11.5,27.6,38.6
31095,NE,Jefferson,7054,37.6,14.6,13.4,29.4,37.4
31097,NE,Johnson,5198,34.3,15.6,11.6,30.3,38.1
31099,NE,Kearney,6770,33.3,12.4,10.8,24.8,38.3
31101,NE,Keith,8113,38.4,14.0,13.2,31.1,35.4
31103,NE,Keya Paha,805,41.7,13.9,14.2,30.1,36.6
31105,NE,Kimball,3289,40.9,17.0,15.2,34.1,42.1
31107,NE,Knox,8298,38.8,16.0,14.1,29.9,39.8
31109,NE,Lancaster,326716,30.0,11.7,9.6,20.2,34.4
31111,NE,Lincoln,33365,37.5,15.1,12.9,29.4,40.1
31113,NE,Logan,655,38.8,12.5,12.0,26.4,35.9
31115,NE,Loup,592,40.1,12.7,13.5,27.2,36.4
31117,NE,McPherson,383,40.3,13.2,13.3,28.6,38.5
31119,NE,Madison,35627,35.1,14.4,11.8,27.7,40.0
31121,NE,Merrick,7755,36.1,15.0,11.7,28.8,39.3
31123,NE,Morrill,4504,37.2,15.9,13.3,32.1,41.6
31125,NE,Nance,3274,37.4,16.5,12.7,28.6,41.0
31127,NE,Nemaha,7076,33.7,14.8,11.7,29.6,40.7
31129,NE,Nuckolls,4095,40.0,13.5,12.7,27.8,41.8
31131,NE,Otoe,16335,36.7,13.4,11.9,27.3,40.7
31133,NE,Pawnee,2512,42.2,15.7,14.4,33.2,37.5
31135,NE,Perkins,2795,36.7,13.8,11.9,26.7,40.6
31137,NE,Phelps,9057,35.3,14.5,11.5,27.2,38.6
31139,NE,Pierce,7299,34.4,13.7,10.9,26.9,38.9
31141,NE,Platte,34609,34.9,13.5,11.9,27.2,41.8
31143,NE,Polk,5228,37.0,13.6,12.0,28.3,40.4
31145,NE,Red Willow,10457,38.6,14.3,12.1,29.6,42.1
31147,NE,Richardson,7689,41.1,15.7,14.0,31.5,45.3
31149,NE,Rock,1271,38.3,13.4,12.5,27.6,38.8
31151,NE,Saline,14555,32.0,14.1,11.8,29.2,40.4
31153,NE,Sarpy,199886,30.1,11.1,9.4,21.3,35.9
31155,NE,Saunders,23463,34.8,12.8,10.5,23.5,39.3
31157,NE,Scotts Bluff,35699,37.7,14.0,13.0,29.4,39.1
31159,NE,Seward,17671,32.0,12.6,9.5,23.7,34.5
31161,NE,Sheridan,4928,40.7,15.0,13.9,32.1,36.0
31163,NE,Sherman,2983,39.9,15.1,13.7,29.8,41.4
31165,NE,Sioux,1154,43.9,16.8,16.0,32.5,42.6
31167,NE,Stanton,5856,34.3,13.6,11.5,27.5,39.8
31169,NE,Thayer,4829,38.4,15.0,13.2,29.2,40.0
31171,NE,Thomas,677,36.0,11.9,11.3,25.8,36.6
31173,NE,Thurston,6557,35.8,21.0,13.4,30.0,45.4
31175,NE,Valley,4012,38.5,14.0,12.9,28.6,41.8
31177,NE,Washington,21152,34.2,12.2,10.7,23.1,41.2
31179,NE,Wayne,9874,29.0,12.0,9.7,25.2,37.3
31181,NE,Webster,3351,37.4,14.6,12.9,27.0,39.1
31183,NE,Wheeler,775,40.6,12.8,13.2,26.7,38.4
31185,NE,York,14356,34.0,14.1,11.2,26.8,40.9
32001,NV,Churchill,25803,35.4,16.1,11.7,26.4,37.8
32003,NV,Clark,2336573,34.5,14.8,12.4,27.1,31.4
32005,NV,Douglas,49545,38.2,12.0,12.2,21.4,27.1
32007,NV,Elko,54293,32.1,17.1,11.0,25.8,38.0
32009,NV,Esmeralda,736,44.8,18.2,17.7,32.3,36.1
32011,NV,Eureka,1917,41.5,21.8,16.1,31.5,38.8
32013,NV,Humboldt,17136,32.0,15.6,11.5,26.8,36.2
32015,NV,Lander,5769,36.0,17.8,13.0,28.5,35.1
32017,NV,Lincoln,4452,37.0,15.0,11.8,24.2,31.6
32019,NV,Lyon,62583,37.5,15.9,12.3,27.4,35.2
32021,NV,Mineral,4528,44.0,21.4,17.6,34.4,38.2
32023,NV,Nye,55720,42.3,17.7,15.7,32.1,39.7
32027,NV,Pershing,6364,35.4,17.0,12.1,26.5,35.7
32029,NV,Storey,4177,38.5,12.1,12.4,22.4,31.6
32031,NV,Washoe,498022,29.7,12.6,10.0,21.6,28.5
32033,NV,White Pine,8522,36.4,17.5,12.6,26.8,34.4
32510,NV,Carson City,58036,34.5,14.4,12.1,24.9,33.1
33001,NH,Belknap,65027,35.7,12.2,10.5,20.8,30.5
33003,NH,Carroll,52448,35.1,10.7,10.7,20.5,30.7
33005,NH,Cheshire,77703,33.3,11.9,9.5,20.8,29.9
33007,NH,Coos,31372,38.2,15.2,13.0,28.1,36.4
33009,NH,Grafton,93146,31.8,10.5,9.3,19.7,25.8
33011,NH,Hillsborough,427354,31.5,10.7,9.2,22.2,33.1
33013,NH,Merrimack,157103,31.8,10.6,9.1,19.8,33.2
33015,NH,Rockingham,320689,34.7,9.9,9.1,18.8,31.2
33017,NH,Strafford,133243,30.9,10.7,8.6,19.3,32.4
33019,NH,Sullivan,43969,36.1,13.0,11.2,24.6,33.5
34001,NJ,Atlantic,275213,36.1,12.9,12.7,27.9,30.7
34003,NJ,Bergen,957736,32.5,8.4,9.7,21.7,25.6
34005,NJ,Burlington,469167,34.0,10.9,10.5,23.6,30.2
34007,NJ,Camden,527196,33.4,13.1,11.4,26.3,29.8
34009,NJ,Cape May,94610,38.9,11.8,11.7,22.9,33.5
34011,NJ,Cumberland,152326,38.8,16.5,13.5,32.8,40.4
34013,NJ,Essex,851117,31.7,12.4,12.0,28.9,29.6
34015,NJ,Gloucester,308423,36.6,11.9,10.3,23.4,31.5
34017,NJ,Hudson,705472,28.6,10.6,10.5,27.9,27.9
34019,NJ,Hunterdon,130183,31.7,8.8,9.2,19.4,26.3
34021,NJ,Mercer,381671,31.2,10.5,11.1,24.4,25.4
34023,NJ,Middlesex,863623,33.2,10.0,11.6,25.3,29.9
34025,NJ,Monmouth,642799,32.9,9.7,9.8,19.5,30.4
34027,NJ,Morris,514423,31.0,8.4,9.0,19.2,22.8
34029,NJ,Ocean,659197,35.0,13.3,11.4,25.8,29.8
34031,NJ,Passaic,513395,32.4,12.3,12.7,31.2,31.0
34033,NJ,Salem,65338,37.4,14.7,11.9,27.9,34.0
34035,NJ,Somerset,348842,30.6,8.2,10.1,20.8,26.3
34037,NJ,Sussex,146132,33.3,11.2,9.5,21.3,26.9
34039,NJ,Union,572726,33.7,11.4,11.6,25.5,29.7
34041,NJ,Warren,111252,34.5,11.6,10.0,25.0,32.5
35001,NM,Bernalillo,671586,33.5,12.0,11.6,23.2,33.0
35003,NM,Catron,3825,47.1,14.8,17.7,27.3,31.6
35005,NM,Chaves,63561,36.9,15.1,14.3,31.0,39.8
35006,NM,Cibola,26780,36.8,19.4,16.6,29.5,39.1
35007,NM,Colfax,12255,39.2,13.2,15.5,27.5,31.5
35009,NM,Curry,47222,32.2,14.4,12.0,28.5,39.4
35011,NM,De Baca,1657,40.6,14.1,15.3,27.7,32.5
35013,NM,DoÃ±a Ana,225210,32.5,12.1,13.7,27.7,35.9
35015,NM,Eddy,60275,32.2,13.3,11.6,26.7,39.8
35017,NM,Grant,27472,39.7,12.7,15.9,28.3,32.8
35019,NM,Guadalupe,4292,37.2,13.9,16.5,33.2,36.8
35021,NM,Harding,624,47.5,14.3,19.6,32.2,35.3
35023,NM,Hidalgo,3965,39.2,14.7,16.4,31.1,34.5
35025,NM,Lea,72101,32.3,14.8,12.0,29.8,37.0
35027,NM,Lincoln,20029,41.3,12.6,14.4,25.4,30.0
35028,NM,Los Alamos,19444,28.0,7.1,8.0,13.5,25.4
35029,NM,Luna,25316,39.0,16.9,17.7,35.7,35.7
35031,NM,McKinley,68797,38.2,26.8,19.0,32.1,41.3
35033,NM,Mora,4123,40.9,10.6,18.5,30.6,33.1
35035,NM,Otero,68835,34.2,14.9,12.7,24.6,37.1
35037,NM,Quay,8510,41.9,15.8,17.2,31.6,37.6
35039,NM,Rio Arriba,39876,36.8,14.2,17.2,30.8,39.9
35041,NM,Roosevelt,18787,30.9,13.4,11.5,26.9,32.6
35043,NM,Sandoval,155936,34.0,11.2,11.8,22.1,32.6
35045,NM,San Juan,120675,34.2,20.1,14.5,26.5,35.1
35047,NM,San Miguel,26668,37.1,11.6,17.1,31.7,37.3
35049,NM,Santa Fe,155956,33.2,10.0,12.6,21.4,25.6
35051,NM,Sierra,11488,46.2,15.8,18.2,30.9,36.8
35053,NM,Socorro,15963,36.6,15.5,15.7,30.9,36.2
35055,NM,Taos,34405,38.1,11.2,15.2,25.2,27.9
35057,NM,Torrance,15633,39.8,17.0,16.5,30.7,34.5
35059,NM,Union,3964,38.2,15.3,14.7,28.2,34.3
35061,NM,Valencia,79141,35.2,13.5,14.6,29.0,35.4
36001,NY,Albany,316659,31.7,10.5,9.2,21.2,29.8
36003,NY,Allegany,46651,35.5,13.8,11.1,25.5,34.4
36005,NY,Bronx,1356476,36.5,13.2,16.1,38.1,33.5
36007,NY,Broome,196077,35.0,13.2,10.9,24.4,33.1
36009,NY,Cattaraugus,75600,38.1,16.5,12.1,28.4,35.7
36011,NY,Cayuga,74485,36.8,15.1,11.8,28.1,35.7
36013,NY,Chautauqua,124891,37.3,14.9,12.6,27.8,36.3
36015,NY,Chemung,81325,36.8,14.9,11.5,26.5,30.7
36017,NY,Chenango,45920,37.1,15.3,12.3,27.8,36.3
36019,NY,Clinton,78115,34.1,14.4,10.7,26.7,33.2
36021,NY,Columbia,60470,37.0,12.4,11.8,24.6,30.8
36023,NY,Cortland,45752,31.1,12.8,9.3,23.8,30.5
36025,NY,Delaware,44410,39.6,14.5,12.5,28.6,32.8
36027,NY,Dutchess,297150,33.4,11.0,9.9,21.6,28.2
36029,NY,Erie,946147,33.0,12.4,10.8,24.8,32.8
36031,NY,Essex,36775,37.9,13.5,11.8,25.8,34.8
36033,NY,Franklin,46502,36.4,16.3,12.2,28.9,40.7
36035,NY,Fulton,52234,38.3,16.0,12.1,28.5,35.8
36037,NY,Genesee,57529,35.1,13.5,10.7,24.8,30.2
36039,NY,Greene,47062,36.6,13.5,11.7,26.2,34.4
36041,NY,Hamilton,5082,41.5,13.4,13.4,27.0,31.0
36043,NY,Herkimer,59484,36.4,14.6,11.3,28.1,37.0
36045,NY,Jefferson,114787,30.8,13.9,10.0,25.4,37.8
36047,NY,Kings,2561225,30.4,12.1,12.0,26.2,25.1
36049,NY,Lewis,26548,36.3,15.1,11.8,27.8,40.9
36051,NY,Livingston,61158,33.7,12.3,10.1,23.1,30.8
36053,NY,Madison,66921,33.7,12.5,10.3,22.7,36.4
36055,NY,Monroe,748482,33.7,11.6,11.2,25.4,31.4
36057,NY,Montgomery,49368,35.3,15.2,11.5,27.7,38.8
36059,NY,Nassau,1381715,31.8,8.5,10.1,23.2,28.4
36061,NY,New York,1597451,27.2,8.2,8.9,20.4,19.2
36063,NY,Niagara,209457,37.0,13.7,11.3,26.3,39.5
36065,NY,Oneida,227555,36.6,14.2,11.5,28.1,36.1
36067,NY,Onondaga,467873,35.6,11.9,10.9,23.1,36.9
36069,NY,Ontario,112494,34.1,11.5,10.5,22.0,30.7
36071,NY,Orange,407470,31.9,12.0,11.2,26.0,32.2
36073,NY,Orleans,39124,35.7,15.7,11.7,28.3,32.9
36075,NY,Oswego,118162,35.2,15.7,11.2,28.5,36.4
36077,NY,Otsego,60126,32.1,12.1,10.2,24.2,29.9
36079,NY,Putnam,98060,30.4,9.6,9.7,21.6,27.5
36081,NY,Queens,2252196,33.6,10.9,14.3,31.0,24.0
36083,NY,Rensselaer,159305,32.1,11.9,9.9,23.2,31.5
36085,NY,Richmond,490687,34.1,12.1,11.9,26.5,30.3
36087,NY,Rockland,340807,32.3,11.4,11.3,27.2,30.5
36089,NY,St. Lawrence,106940,36.5,15.3,11.9,28.0,41.8
36091,NY,Saratoga,238711,32.3,10.6,9.6,19.8,33.1
36093,NY,Schenectady,159902,33.0,12.1,10.2,22.6,34.3
36095,NY,Schoharie,30105,36.8,13.4,11.3,25.3,32.4
36097,NY,Schuyler,17507,37.8,15.1,12.4,26.2,31.7
36099,NY,Seneca,32349,36.4,15.3,11.6,28.4,34.7
36101,NY,Steuben,92162,35.7,14.6,11.5,26.2,34.8
36103,NY,Suffolk,1523170,31.7,9.6,10.0,24.1,29.7
36105,NY,Sullivan,79920,35.8,13.7,12.1,28.7,31.9
36107,NY,Tioga,47715,36.9,13.9,11.3,26.1,30.5
36109,NY,Tompkins,103558,26.1,9.0,7.6,17.9,24.6
36111,NY,Ulster,182333,37.0,11.8,10.9,24.1,30.5
36113,NY,Warren,65380,35.8,12.2,11.2,23.5,31.0
36115,NY,Washington,60047,36.2,14.7,11.2,26.7,31.4
36117,NY,Wayne,90829,34.0,13.9,11.2,26.0,37.4
36119,NY,Westchester,990817,29.8,9.2,10.5,22.0,26.0
36121,NY,Wyoming,39532,36.6,15.1,11.2,26.1,35.6
36123,NY,Yates,24472,35.8,14.8,11.6,26.6,33.9
37001,NC,Alamance,179165,36.5,13.9,12.2,24.4,38.5
37003,NC,Alexander,36473,39.1,16.8,12.7,26.3,36.5
37005,NC,Alleghany,11342,44.9,17.2,16.0,29.6,36.5
37007,NC,Anson,21897,46.6,19.7,17.2,33.1,43.3
37009,NC,Ashe,27063,42.9,15.5,14.0,26.3,36.2
37011,NC,Avery,17561,39.9,15.8,12.9,25.4,37.1
37013,NC,Beaufort,44481,45.0,16.1,15.6,28.3,36.8
37015,NC,Bertie,16922,50.0,18.3,19.3,34.2,43.0
37017,NC,Bladen,29484,46.3,16.8,16.6,31.3,41.3
37019,NC,Brunswick,159964,41.6,12.4,13.5,22.5,32.8
37021,NC,Buncombe,275901,36.1,12.3,10.9,20.3,31.3
37023,NC,Burke,88338,40.4,17.0,13.8,28.4,36.8
37025,NC,Cabarrus,240016,34.7,12.4,10.8,21.7,33.3
37027,NC,Caldwell,80574,39.8,17.0,13.2,27.3,33.4
37029,NC,Camden,11137,35.6,13.1,10.7,21.2,35.2
37031,NC,Carteret,69615,40.5,12.7,12.5,22.1,34.0
37033,NC,Caswell,22807,44.1,16.9,15.5,28.9,39.3
37035,NC,Catawba,164645,37.4,14.7,12.1,24.3,37.4
37037,NC,Chatham,81624,39.9,11.5,12.9,22.5,30.1
37039,NC,Cherokee,29959,44.8,15.6,15.2,27.1,34.8
37041,NC,Chowan,13891,47.1,16.8,17.0,30.2,40.4
37043,NC,Clay,11864,44.3,13.8,14.3,25.5,35.3
37045,NC,Cleveland,101378,41.1,16.4,13.6,27.5,38.6
37047,NC,Columbus,50121,44.6,18.3,15.6,31.1,41.1
37049,NC,Craven,102391,39.5,14.0,12.5,24.8,36.9
37051,NC,Cumberland,337890,37.6,14.8,12.2,25.3,40.1
37053,NC,Currituck,31593,35.2,13.2,10.7,21.6,34.5
37055,NC,Dare,38110,38.0,11.4,11.2,20.2,31.6
37057,NC,Davidson,174804,38.6,15.8,12.7,26.5,36.2
37059,NC,Davie,44599,39.1,13.5,12.1,23.6,33.4
37061,NC,Duplin,49520,42.9,16.3,15.5,29.9,39.4
37063,NC,Durham,336892,32.9,10.7,10.5,21.6,36.1
37065,NC,Edgecombe,48832,47.6,17.7,17.9,33.5,43.7
37067,NC,Forsyth,392921,36.7,13.4,12.4,25.2,41.2
37069,NC,Franklin,77001,38.6,14.8,12.8,25.0,38.8
37071,NC,Gaston,237242,37.1,15.0,12.3,25.3,36.2
37073,NC,Gates,10343,44.6,16.6,15.8,29.2,39.0
37075,NC,Graham,8052,40.5,15.7,13.1,25.7,35.1
37077,NC,Granville,62192,40.7,15.4,13.6,26.5,36.2
37079,NC,Greene,20530,43.0,19.6,15.9,32.4,42.8
37081,NC,Guilford,549866,36.9,13.0,12.2,23.7,38.0
37083,NC,Halifax,47298,49.7,19.8,19.4,35.2,42.6
37085,NC,Harnett,141477,37.7,15.3,11.8,25.9,36.9
37087,NC,Haywood,62969,40.2,13.9,12.4,23.9,33.3
37089,NC,Henderson,119230,38.8,12.7,12.5,23.2,30.3
37091,NC,Hertford,19453,48.1,17.6,18.9,33.2,42.5
37093,NC,Hoke,54446,38.2,16.5,13.3,28.0,38.5
37095,NC,Hyde,4607,46.5,19.0,17.0,31.5,41.0
37097,NC,Iredell,199710,36.4,12.9,10.7,21.6,32.8
37099,NC,Jackson,44574,35.5,14.2,12.1,24.2,34.5
37101,NC,Johnston,241955,35.1,14.2,11.6,23.6,35.1
37103,NC,Jones,9401,46.3,18.1,17.0,30.9,40.0
37105,NC,Lee,67059,38.4,15.5,13.5,27.4,37.8
37107,NC,Lenoir,54895,46.9,19.3,17.8,34.2,42.4
37109,NC,Lincoln,95675,37.6,14.0,11.5,22.9,35.0
37111,NC,McDowell,44893,39.8,17.0,13.0,26.3,35.2
37113,NC,Macon,38412,43.5,14.9,14.2,27.0,35.3
37115,NC,Madison,22071,38.3,13.9,11.6,23.0,34.6
37117,NC,Martin,21447,47.5,17.3,17.8,31.2,40.4
37119,NC,Mecklenburg,1163701,31.0,10.8,10.1,20.9,29.7
37121,NC,Mitchell,14999,40.3,14.6,12.8,24.9,37.2
37123,NC,Montgomery,26085,42.8,16.4,15.1,28.9,38.7
37125,NC,Moore,106898,38.3,11.4,11.5,21.0,32.6
37127,NC,Nash,96551,42.5,15.6,15.0,28.9,38.4
37129,NC,New Hanover,238852,34.7,11.6,10.6,20.9,31.1
37131,NC,Northampton,16715,52.0,17.2,20.3,33.6,42.7
37133,NC,Onslow,213676,28.8,13.3,8.6,20.9,33.4
37135,NC,Orange,150626,30.2,9.3,9.3,18.1,28.0
37137,NC,Pamlico,12423,46.0,14.3,15.2,26.5,36.0
37139,NC,Pasquotank,41444,39.3,13.9,13.0,25.2,38.3
37141,NC,Pender,68521,37.3,14.3,11.8,22.1,36.3
37143,NC,Perquimans,13377,44.9,15.2,15.3,27.4,37.3
37145,NC,Person,39737,43.2,16.2,14.9,28.4,38.8
37147,NC,Pitt,175119,34.7,13.8,12.0,25.2,39.0
37149,NC,Polk,20060,43.8,13.0,14.1,25.1,35.2
37151,NC,Randolph,147458,39.1,16.7,13.2,27.8,39.9
37153,NC,Richmond,42324,43.9,19.5,16.4,32.1,42.9
37155,NC,Robeson,117365,45.6,22.5,18.4,35.6,47.9
37157,NC,Rockingham,92518,42.5,17.3,14.5,28.6,37.3
37159,NC,Rowan,151661,37.7,15.9,12.7,27.3,37.4
37161,NC,Rutherford,65507,41.7,17.3,14.4,28.8,38.1
37163,NC,Sampson,59601,42.6,17.2,15.6,30.6,41.8
37165,NC,Scotland,34376,46.1,21.3,17.4,33.7,45.2
37167,NC,Stanly,65699,38.4,16.0,12.7,25.4,36.3
37169,NC,Stokes,45532,41.0,16.2,13.2,26.3,37.1
37171,NC,Surry,71462,40.4,17.1,13.7,28.8,40.9
37173,NC,Swain,13916,41.7,19.8,15.2,28.0,40.7
37175,NC,Transylvania,33549,42.3,12.0,12.9,22.3,33.7
37177,NC,Tyrrell,3461,46.2,18.1,17.5,32.1,41.3
37179,NC,Union,256452,33.6,11.9,10.5,21.6,33.4
37181,NC,Vance,42301,45.1,17.3,16.8,31.3,42.6
37183,NC,Wake,1190275,32.2,9.6,9.5,18.0,29.3
37185,NC,Warren,18836,50.4,18.6,20.0,33.8,43.9
37187,NC,Washington,10713,51.8,19.0,20.6,35.0,43.6
37189,NC,Watauga,54748,31.3,12.3,9.8,21.5,33.0
37191,NC,Wayne,118686,41.1,16.2,14.2,28.3,39.5
37193,NC,Wilkes,66013,41.5,17.1,13.9,28.0,38.0
37195,NC,Wilson,78970,44.7,18.0,16.8,31.9,38.4
37197,NC,Yadkin,37774,40.6,16.3,13.3,27.1,36.3
37199,NC,Yancey,18938,41.4,15.9,13.7,26.5,35.6
38001,ND,Adams,2163,41.2,15.3,14.1,29.0,34.8
38003,ND,Barnes,10726,36.2,13.3,11.5,23.8,37.7
38005,ND,Benson,5745,40.3,22.0,15.4,31.3,43.3
38007,ND,Billings,1034,38.5,13.5,12.1,24.8,36.4
38009,ND,Bottineau,6349,38.8,13.4,11.9,24.4,37.7
38011,ND,Bowman,2867,36.7,13.6,11.4,24.5,36.3
38013,ND,Burke,2134,37.2,13.1,11.1,22.6,37.3
38015,ND,Burleigh,100012,30.8,11.8,9.3,18.4,35.2
38017,ND,Cass,196362,27.5,11.2,7.9,17.6,33.8
38019,ND,Cavalier,3596,39.7,12.4,11.8,23.9,39.5
38021,ND,Dickey,4900,35.1,13.8,11.2,24.3,38.7
38023,ND,Divide,2135,38.6,14.1,12.6,25.6,37.4
38025,ND,Dunn,4019,35.2,14.8,11.5,24.0,36.7
38027,ND,Eddy,2263,39.1,16.2,13.5,27.5,38.7
38029,ND,Emmons,3224,40.8,14.7,13.5,26.0,38.1
38031,ND,Foster,3309,37.8,13.3,11.8,24.4,35.7
38033,ND,Golden Valley,1743,41.1,15.6,13.7,28.7,37.6
38035,ND,Grand Forks,72708,28.2,11.3,9.1,21.5,35.2
38037,ND,Grant,2215,44.5,16.4,15.2,30.9,41.3
38039,ND,Griggs,2248,41.0,12.3,12.3,23.9,36.8
38041,ND,Hettinger,2415,37.3,14.5,11.7,25.1,37.4
38043,ND,Kidder,2342,39.7,14.5,12.8,26.9,39.9
38045,ND,LaMoure,4096,38.2,13.8,12.5,25.8,34.4
38047,ND,Logan,1869,40.5,14.9,13.2,27.9,39.8
38049,ND,McHenry,5131,38.4,15.2,11.9,26.2,42.1
38051,ND,McIntosh,2488,42.4,15.6,14.4,29.2,35.8
38053,ND,McKenzie,14252,30.4,15.2,9.6,23.9,41.1
38055,ND,McLean,9832,39.0,13.6,12.1,25.2,40.2
38057,ND,Mercer,8309,38.2,15.1,12.2,25.3,39.8
38059,ND,Morton,33895,32.6,13.5,9.6,22.5,38.6
38061,ND,Mountrail,9383,34.7,19.2,12.8,29.8,42.2
38063,ND,Nelson,2991,40.0,13.2,12.4,23.8,39.6
38065,ND,Oliver,1879,37.3,13.1,11.7,24.0,34.6
38067,ND,Pembina,6661,38.5,14.7,12.8,26.5,41.9
38069,ND,Pierce,3902,36.9,14.2,12.1,25.8,40.7
38071,ND,Ramsey,11463,36.8,15.4,12.3,26.0,40.8
38073,ND,Ransom,5603,36.9,14.8,12.1,25.1,37.9
38075,ND,Renville,2279,36.2,14.1,11.1,24.4,39.0
38077,ND,Richland,16558,34.7,13.2,10.5,23.7,36.1
38079,ND,Rolette,11728,40.3,25.9,17.9,34.5,50.2
38081,ND,Sargent,3776,36.7,13.8,11.8,24.5,41.2
38083,ND,Sheridan,1266,44.1,13.8,13.9,28.2,36.2
38085,ND,Sioux,3643,41.3,32.9,20.2,39.1,49.1
38087,ND,Slope,674,44.4,15.2,14.6,27.0,38.3
38089,ND,Stark,33001,31.7,14.1,9.5,23.5,37.4
38091,ND,Steele,1782,38.8,14.2,12.7,24.9,35.0
38093,ND,Stutsman,21392,33.7,15.3,10.9,24.7,39.7
38095,ND,Towner,2030,43.3,16.9,15.0,30.3,43.9
38097,ND,Traill,7908,34.3,12.3,10.5,22.5,38.2
38099,ND,Walsh,10305,37.4,14.8,12.4,26.7,35.8
38101,ND,Ward,68332,31.4,12.6,8.8,22.6,33.9
38103,ND,Wells,3876,40.6,14.7,13.8,27.0,37.8
38105,ND,Williams,39113,30.4,15.6,8.9,24.1,40.4
39001,OH,Adams,27521,40.6,21.9,15.7,35.3,40.3
39003,OH,Allen,100838,38.7,17.0,14.5,29.3,39.7
39005,OH,Ashland,52190,40.4,17.7,13.9,30.7,38.3
39007,OH,Ashtabula,96845,41.7,20.1,16.2,34.5,45.8
39009,OH,Athens,62706,33.4,15.2,11.5,24.8,34.5
39011,OH,Auglaize,46050,37.6,15.3,12.2,26.5,39.5
39013,OH,Belmont,64918,41.4,18.1,14.5,32.1,40.9
39015,OH,Brown,43777,42.2,19.7,14.5,34.1,41.6
39017,OH,Butler,393043,35.3,14.6,12.5,27.8,39.0
39019,OH,Carroll,26758,41.1,19.0,14.9,32.4,38.9
39021,OH,Champaign,38845,38.0,16.4,12.7,27.5,43.2
39023,OH,Clark,134610,41.6,17.9,15.0,33.5,42.2
39025,OH,Clermont,211972,36.2,15.6,12.6,25.3,34.7
39027,OH,Clinton,41938,38.1,17.7,13.5,30.3,39.7
39029,OH,Columbiana,100182,42.1,18.5,15.2,32.0,41.1
39031,OH,Coshocton,36869,41.3,20.1,15.3,32.3,41.5
39033,OH,Crawford,41529,40.0,18.3,14.6,32.2,39.5
39035,OH,Cuyahoga,1233088,38.5,14.8,13.4,24.7,35.3
39037,OH,Darke,51415,39.7,17.7,14.3,30.0,36.4
39039,OH,Defiance,38315,37.2,15.9,13.3,27.8,35.3
39041,OH,Delaware,231636,31.3,10.1,10.1,17.7,31.5
39043,OH,Erie,74035,41.6,14.9,14.4,28.0,40.1
39045,OH,Fairfield,165360,36.3,14.4,12.2,24.4,35.6
39047,OH,Fayette,28817,41.6,19.9,14.3,32.3,41.3
39049,OH,Franklin,1326063,32.9,13.9,11.8,23.7,33.7
39051,OH,Fulton,42007,37.8,15.1,13.3,27.3,37.0
39053,OH,Gallia,28986,41.5,20.8,15.3,35.2,36.6
39055,OH,Geauga,95407,37.5,12.8,12.4,23.2,32.6
39057,OH,Greene,169691,35.4,12.3,11.2,22.6,37.8
39059,OH,Guernsey,38089,40.2,19.0,14.8,32.5,38.3
39061,OH,Hamilton,827058,36.3,13.9,13.2,24.4,35.6
39063,OH,Hancock,74704,36.2,14.5,12.5,26.7,39.3
39065,OH,Hardin,30368,38.1,17.7,12.9,30.4,40.3
39067,OH,Harrison,14159,43.0,19.0,15.6,31.6,41.4
39069,OH,Henry,27520,38.1,15.8,13.1,28.0,38.6
39071,OH,Highland,43614,40.1,19.5,14.7,32.7,41.3
39073,OH,Hocking,27540,42.5,20.5,15.7,33.4,36.1
39075,OH,Holmes,44386,35.3,21.5,12.7,33.9,38.2
39077,OH,Huron,58199,37.7,17.2,13.5,30.3,35.0
39079,OH,Jackson,32606,42.7,20.1,14.9,33.8,44.9
39081,OH,Jefferson,64026,41.9,17.6,15.1,31.3,42.5
39083,OH,Knox,63320,37.5,15.5,12.6,27.6,37.1
39085,OH,Lake,231640,37.9,14.5,12.9,25.4,36.9
39087,OH,Lawrence,56118,42.9,19.6,15.1,32.4,41.6
39089,OH,Licking,183201,35.5,15.4,12.9,24.1,37.5
39091,OH,Logan,46057,39.0,17.5,14.0,29.2,39.3
39093,OH,Lorain,317910,38.8,15.0,14.2,29.0,36.8
39095,OH,Lucas,425484,37.2,16.4,14.0,29.8,36.1
39097,OH,Madison,44602,37.5,16.5,12.4,26.9,37.3
39099,OH,Mahoning,225596,40.2,16.9,14.8,28.2,38.6
39101,OH,Marion,64851,41.3,19.6,14.8,33.8,44.2
39103,OH,Medina,184042,37.1,13.1,11.9,24.2,36.3
39105,OH,Meigs,21767,45.1,22.5,17.3,39.1,44.5
39107,OH,Mercer,42439,37.8,15.0,12.1,27.5,36.3
39109,OH,Miami,110876,37.2,15.3,12.7,26.1,33.6
39111,OH,Monroe,13153,43.3,20.0,16.1,34.0,40.4
39113,OH,Montgomery,533796,37.0,15.2,14.5,29.3,37.0
39115,OH,Morgan,13646,43.1,19.5,16.0,33.5,41.1
39117,OH,Morrow,35595,38.2,17.8,13.8,29.8,40.0
39119,OH,Muskingum,86305,39.9,18.1,14.4,29.9,43.9
39121,OH,Noble,14311,47.9,18.5,18.0,33.6,41.6
39123,OH,Ottawa,39803,41.9,14.0,13.8,28.4,38.0
39125,OH,Paulding,18706,40.0,17.2,14.1,30.8,41.3
39127,OH,Perry,35551,40.5,19.3,14.3,32.1,38.6
39129,OH,Pickaway,61086,38.7,17.9,12.6,29.4,39.8
39131,OH,Pike,27001,43.7,22.9,16.2,36.6,43.2
39133,OH,Portage,162665,34.7,14.5,11.8,25.0,32.9
39135,OH,Preble,40556,39.0,17.0,13.4,30.3,39.7
39137,OH,Putnam,34199,36.6,14.0,12.3,24.7,43.7
39139,OH,Richland,125064,38.9,18.0,14.5,30.2,39.0
39141,OH,Ross,76501,40.7,19.8,15.0,30.8,44.3
39143,OH,Sandusky,58709,39.7,16.6,14.4,29.3,40.7
39145,OH,Scioto,71969,43.6,20.8,15.3,35.9,44.7
39147,OH,Seneca,54527,36.0,16.4,13.2,29.3,35.8
39149,OH,Shelby,47765,38.2,17.0,13.3,29.3,39.6
39151,OH,Stark,372716,38.5,17.1,13.7,29.1,40.4
39153,OH,Summit,535733,37.5,14.6,13.7,26.2,37.6
39155,OH,Trumbull,200373,40.2,18.4,15.5,31.3,39.7
39157,OH,Tuscarawas,91874,39.9,17.5,13.6,29.9,43.4
39159,OH,Union,69637,32.0,12.6,10.2,23.2,39.8
39161,OH,Van Wert,28704,38.8,16.5,13.2,29.3,37.3
39163,OH,Vinton,12474,41.2,21.2,15.4,33.0,40.3
39165,OH,Warren,252148,32.2,12.2,11.0,20.4,32.6
39167,OH,Washington,58577,41.2,17.0,13.8,29.9,43.7
39169,OH,Wayne,116510,37.1,16.3,12.9,27.3,37.5
39171,OH,Williams,36591,39.9,17.8,14.4,31.6,40.6
39173,OH,Wood,132650,33.1,12.7,10.7,22.9,37.4
39175,OH,Wyandot,21457,39.1,15.5,13.0,27.1,35.6
40001,OK,Adair,19627,44.0,25.8,17.5,40.8,46.2
40003,OK,Alfalfa,5673,42.7,17.9,13.5,31.7,40.6
40005,OK,Atoka,14525,42.7,21.3,14.6,34.7,40.3
40007,OK,Beaver,5018,41.3,15.3,13.9,33.9,38.4
40009,OK,Beckham,22042,40.9,20.0,13.3,35.0,40.0
40011,OK,Blaine,8539,43.1,17.6,14.3,33.2,38.3
40013,OK,Bryan,48967,40.3,19.0,13.4,34.1,40.0
40015,OK,Caddo,26214,41.6,21.5,14.9,37.4,40.2
40017,OK,Canadian,175829,35.6,13.4,10.4,26.8,39.0
40019,OK,Carter,48596,41.3,18.0,13.7,34.6,39.7
40021,OK,Cherokee,48185,40.6,18.9,14.3,31.6,42.9
40023,OK,Choctaw,14276,46.1,21.5,17.2,38.6,45.4
40025,OK,Cimarron,2191,41.9,13.0,13.7,31.7,37.6
40027,OK,Cleveland,301193,34.2,13.2,10.9,26.6,36.3
40029,OK,Coal,5266,45.5,23.1,17.2,39.2,42.6
40031,OK,Comanche,121574,37.5,17.6,12.8,33.1,43.0
40033,OK,Cotton,5427,44.2,19.3,15.4,35.0,43.1
40035,OK,Craig,14494,44.7,22.2,15.9,36.1,41.8
40037,OK,Creek,73332,39.5,18.4,13.4,31.3,39.8
40039,OK,Custer,28266,35.1,15.4,11.8,31.4,41.0
40041,OK,Delaware,41703,47.1,20.5,16.7,35.9,37.8
40043,OK,Dewey,4286,41.8,17.5,13.5,32.5,38.2
40045,OK,Ellis,3648,43.7,16.4,14.1,33.2,39.6
40047,OK,Garfield,62023,38.9,16.9,12.6,32.0,41.7
40049,OK,Garvin,25865,41.7,19.2,14.1,34.4,38.6
40051,OK,Grady,57375,39.3,16.3,12.0,29.3,38.4
40053,OK,Grant,4083,42.4,16.9,13.5,32.5,36.3
40055,OK,Greer,5466,40.8,17.9,13.0,33.1,42.1
40057,OK,Harmon,2392,44.7,17.8,17.0,39.3,42.4
40059,OK,Harper,3190,41.9,16.2,14.0,33.3,39.4
40061,OK,Haskell,11832,44.1,20.7,15.4,36.3,42.2
40063,OK,Hughes,13436,43.0,21.8,15.1,36.5,41.9
40065,OK,Jackson,24669,39.1,16.1,13.2,34.4,40.4
40067,OK,Jefferson,5347,45.6,20.9,16.3,38.3,41.2
40069,OK,Johnston,10216,42.3,21.0,15.3,36.9,39.4
40071,OK,Kay,43641,41.4,18.7,14.1,32.1,42.6
40073,OK,Kingfisher,15481,38.1,15.6,11.9,33.6,37.1
40075,OK,Kiowa,8398,45.4,19.9,16.6,36.4,42.7
40077,OK,Latimer,9526,45.1,22.4,17.0,37.9,42.3
40079,OK,Le Flore,49596,42.5,21.9,15.1,37.9,40.3
40081,OK,Lincoln,34562,43.3,18.9,14.1,33.3,44.1
40083,OK,Logan,53029,39.8,15.3,12.0,28.8,40.2
40085,OK,Love,10296,41.6,18.5,14.4,35.0,38.8
40087,OK,McClain,47072,38.8,15.4,11.3,28.6,38.5
40089,OK,McCurtain,30660,42.6,21.2,15.5,36.5,42.6
40091,OK,McIntosh,19603,49.1,21.8,17.7,39.8,44.8
40093,OK,Major,7581,40.8,16.9,13.3,33.9,41.9
40095,OK,Marshall,15970,43.9,18.7,15.7,37.3,39.4
40097,OK,Mayes,39889,43.2,20.3,14.6,34.9,41.8
40099,OK,Murray,13754,43.0,17.9,14.3,34.9,41.4
40101,OK,Muskogee,66677,42.6,20.7,15.2,35.8,41.5
40103,OK,Noble,10832,41.7,16.8,13.3,33.3,41.6
40105,OK,Nowata,9438,43.5,20.3,15.2,35.1,40.5
40107,OK,Okfuskee,11300,46.0,24.4,17.3,39.0,45.8
40109,OK,Oklahoma,808866,37.1,14.3,12.6,29.2,37.7
40111,OK,Okmulgee,37035,43.8,20.0,15.4,37.2,45.0
40113,OK,Osage,46130,45.6,17.9,14.4,31.9,46.4
40115,OK,Ottawa,30287,41.0,21.3,15.2,36.3,41.7
40117,OK,Pawnee,15864,42.1,19.3,14.3,33.3,39.7
40119,OK,Payne,83352,30.6,14.0,9.8,27.1,33.9
40121,OK,Pittsburg,43479,43.5,19.2,14.3,33.8,40.1
40123,OK,Pontotoc,38396,40.2,16.5,12.3,29.7,39.9
40125,OK,Pottawatomie,73791,40.9,18.1,13.0,32.2,41.2
40127,OK,Pushmataha,10800,46.9,23.6,17.7,39.6,39.1
40129,OK,Roger Mills,3295,43.8,17.4,14.6,33.5,40.3
40131,OK,Rogers,100248,37.8,15.7,12.4,28.5,40.1
40133,OK,Seminole,23565,44.4,22.5,16.1,37.9,45.0
40135,OK,Sequoyah,40291,44.7,22.8,16.6,37.4,47.1
40137,OK,Stephens,44014,43.7,18.6,14.2,34.3,39.1
40139,OK,Texas,20371,37.5,16.0,13.7,37.4,44.1
40141,OK,Tillman,6869,43.6,18.1,16.2,37.4,44.0
40143,OK,Tulsa,682868,35.6,14.7,11.7,30.8,35.7
40145,OK,Wagoner,89280,38.7,15.5,11.9,28.4,36.1
40147,OK,Washington,53706,39.6,16.9,13.2,30.9,42.4
40149,OK,Washita,10736,40.5,17.5,13.4,32.5,39.5
40151,OK,Woods,8564,36.1,14.7,11.1,29.1,36.6
40153,OK,Woodward,19947,39.5,16.9,12.1,30.7,41.5
41001,OR,Baker,16912,38.7,13.8,13.6,21.3,37.7
41003,OR,Benton,97713,27.4,9.6,9.3,16.2,25.9
41005,OR,Clackamas,423173,32.1,10.5,10.5,19.7,34.0
41007,OR,Clatsop,41102,37.1,13.2,12.6,21.5,34.8
41009,OR,Columbia,53880,34.9,14.3,12.1,22.1,33.5
41011,OR,Coos,64212,40.7,15.2,14.2,24.1,34.1
41013,OR,Crook,26952,37.7,13.0,12.5,21.2,36.1
41015,OR,Curry,23296,43.6,13.4,15.7,23.8,38.4
41017,OR,Deschutes,208513,33.0,10.6,10.2,16.6,27.2
41019,OR,Douglas,112435,39.4,14.5,14.3,25.8,37.6
41021,OR,Gilliam,2026,41.1,14.8,14.8,25.5,35.4
41023,OR,Grant,7215,41.0,14.4,14.6,24.7,33.6
41025,OR,Harney,7440,42.0,16.2,15.0,26.5,38.8
41027,OR,Hood River,23745,32.1,11.4,11.3,20.7,31.5
41029,OR,Jackson,220768,36.1,12.9,12.7,21.8,32.8
41031,OR,Jefferson,25454,35.5,14.6,13.4,23.3,35.5
41033,OR,Josephine,87821,39.0,15.5,14.8,25.7,33.8
41035,OR,Klamath,70003,40.0,15.1,14.1,26.3,37.9
41037,OR,Lake,8293,40.6,15.6,14.7,25.7,37.7
41039,OR,Lane,381181,33.3,12.2,10.8,19.2,34.3
41041,OR,Lincoln,50821,41.6,13.6,14.9,23.6,35.7
41043,OR,Linn,131496,34.4,14.2,12.0,22.6,40.1
41045,OR,Malheur,32044,36.3,15.9,13.9,28.3,41.2
41047,OR,Marion,346741,33.3,12.4,12.5,22.2,43.4
41049,OR,Morrow,12302,35.5,16.0,14.5,27.9,39.2
41051,OR,Multnomah,789698,28.5,12.0,9.5,17.6,28.9
41053,OR,Polk,89805,31.5,11.8,10.9,20.2,32.5
41055,OR,Sherman,1951,40.2,15.3,14.2,24.7,36.6
41057,OR,Tillamook,27417,37.6,13.2,13.5,22.1,32.1
41059,OR,Umatilla,80053,32.7,14.6,12.5,25.0,37.7
41061,OR,Union,25944,35.9,13.7,12.2,21.7,35.8
41063,OR,Wallowa,7674,38.5,11.8,12.6,20.4,34.2
41065,OR,Wasco,26333,35.4,14.5,13.3,23.6,37.9
41067,OR,Washington,598865,29.9,9.7,9.9,17.7,32.4
41069,OR,Wheeler,1436,45.2,14.1,16.5,25.8,35.8
41071,OR,Yamhill,108644,33.2,11.8,11.2,20.8,37.0
44001,RI,Bristol,50255,32.4,10.1,9.8,18.8,25.6
44003,RI,Kent,171278,36.8,12.7,11.8,23.7,33.0
44005,RI,Newport,83832,35.1,9.2,10.3,20.1,27.4
44007,RI,Providence,660615,33.0,12.2,11.6,28.7,33.4
44009,RI,Washington,129982,33.1,9.5,9.0,17.8,27.0
45001,SC,Abbeville,24434,43.7,16.0,16.9,31.0,37.6
45003,SC,Aiken,177130,38.9,13.4,13.9,26.5,34.4
45005,SC,Allendale,7369,50.1,19.0,21.6,38.4,46.7
45007,SC,Anderson,213076,38.0,14.2,13.3,26.4,36.3
45009,SC,Bamberg,12974,47.1,16.3,19.5,32.7,42.0
45011,SC,Barnwell,20447,45.7,19.5,19.4,36.2,44.2
45013,SC,Beaufort,198979,38.2,9.6,12.7,19.9,29.6
45015,SC,Berkeley,255217,36.4,12.9,12.9,25.6,37.9
45017,SC,Calhoun,14186,45.3,14.1,17.3,29.1,40.7
45019,SC,Charleston,424367,32.3,10.5,11.4,20.3,30.0
45021,SC,Cherokee,56714,39.8,17.3,15.0,31.4,38.8
45023,SC,Chester,32226,43.8,17.8,16.9,32.8,37.9
45025,SC,Chesterfield,44031,44.6,18.1,18.1,34.6,45.2
45027,SC,Clarendon,31004,48.1,16.9,19.6,33.7,38.0
45029,SC,Colleton,38874,44.1,17.6,17.3,33.2,39.3
45031,SC,Darlington,62416,44.6,16.4,17.6,30.3,45.6
45033,SC,Dillon,27698,47.4,21.0,20.3,35.8,45.3
45035,SC,Dorchester,169833,35.3,13.2,12.8,24.6,35.4
45037,SC,Edgefield,27607,40.3,16.3,16.2,29.0,39.9
45039,SC,Fairfield,20422,49.1,17.2,20.5,33.4,45.7
45041,SC,Florence,137214,42.6,14.8,15.5,30.1,40.6
45043,SC,Georgetown,65731,44.1,11.9,16.9,25.2,31.8
45045,SC,Greenville,558036,35.6,11.3,12.2,23.2,32.5
45047,SC,Greenwood,69460,40.8,15.0,15.4,28.5,36.8
45049,SC,Hampton,18122,46.7,19.1,20.2,35.1,41.6
45051,SC,Horry,397478,42.0,14.6,14.9,25.0,32.3
45053,SC,Jasper,33544,43.3,14.0,17.0,30.2,35.0
45055,SC,Kershaw,69905,40.1,14.5,14.8,27.5,36.6
45057,SC,Lancaster,108215,37.3,12.6,14.1,26.5,36.1
45059,SC,Laurens,68873,40.5,16.5,15.6,31.9,36.3
45061,SC,Lee,15967,48.3,18.6,20.1,36.2,43.7
45063,SC,Lexington,309528,37.1,13.0,12.3,25.9,36.2
45065,SC,McCormick,9941,51.5,14.6,20.6,30.6,36.9
45067,SC,Marion,28508,49.6,20.1,22.0,36.8,45.3
45069,SC,Marlboro,25704,49.1,21.0,20.5,38.8,41.0
45071,SC,Newberry,38825,42.4,15.3,16.1,30.8,38.1
45073,SC,Oconee,81221,39.8,14.7,15.3,28.6,38.2
45075,SC,Orangeburg,82820,47.3,16.4,19.0,33.9,42.2
45077,SC,Pickens,135495,34.9,13.5,12.1,25.6,35.4
45079,SC,Richland,425138,36.5,11.2,13.0,21.7,34.7
45081,SC,Saluda,19123,42.4,15.9,16.8,32.2,43.6
45083,SC,Spartanburg,356698,38.2,14.2,13.5,27.4,37.9
45085,SC,Sumter,104165,41.6,15.0,15.8,27.4,42.7
45087,SC,Union,26629,47.4,19.2,19.1,34.0,44.0
45089,SC,Williamsburg,29891,49.9,17.5,20.4,34.9,45.0
45091,SC,York,298320,35.5,11.3,11.8,23.3,37.3
46003,SD,Aurora,2782,34.7,15.4,12.2,25.2,36.4
46005,SD,Beadle,19591,34.9,16.9,13.4,29.7,35.4
46007,SD,Bennett,3305,38.9,28.0,18.7,35.1,42.4
46009,SD,Bon Homme,7065,36.7,17.7,12.8,26.7,37.0
46011,SD,Brookings,35980,25.5,10.7,8.5,18.4,35.7
46013,SD,Brown,37733,31.7,14.1,11.2,24.4,35.1
46015,SD,Brule,5311,37.0,16.4,13.2,26.2,38.2
46017,SD,Buffalo,1884,35.6,31.7,17.5,36.4,48.5
46019,SD,Butte,10863,35.8,16.8,12.5,27.7,35.7
46021,SD,Campbell,1340,40.0,13.7,13.8,25.7,33.0
46023,SD,Charles Mix,9240,38.3,20.4,15.3,30.0,40.4
46025,SD,Clark,3948,36.6,16.5,13.1,27.3,34.1
46027,SD,Clay,15431,24.5,12.4,8.1,21.7,34.7
46029,SD,Codington,28971,33.2,16.2,12.1,26.5,35.9
46031,SD,Corson,3782,40.1,29.6,19.9,37.3,43.5
46033,SD,Custer,9117,40.3,13.9,13.9,25.1,33.9
46035,SD,Davison,19922,35.6,15.6,12.2,25.4,38.0
46037,SD,Day,5451,39.2,16.6,14.7,26.8,34.8
46039,SD,Deuel,4354,34.6,14.8,11.9,23.9,33.3
46041,SD,Dewey,5208,38.1,29.5,18.0,36.3,43.6
46043,SD,Douglas,2838,38.2,15.8,13.6,26.3,35.1
46045,SD,Edmunds,4057,36.5,14.7,12.4,23.1,33.7
46047,SD,Fall River,7393,43.1,17.4,16.4,30.5,38.0
46049,SD,Faulk,2151,38.6,17.2,14.4,27.8,36.3
46051,SD,Grant,7553,36.5,14.7,12.8,26.5,37.3
46053,SD,Gregory,4018,38.9,16.2,14.1,27.0,35.9
46055,SD,Haakon,1851,38.0,15.7,13.5,26.8,33.7
46057,SD,Hamlin,6451,30.3,14.6,10.1,23.2,34.6
46059,SD,Hand,3107,35.7,13.0,11.9,22.8,33.9
46061,SD,Hanson,3471,33.9,16.8,12.1,24.2,36.6
46063,SD,Harding,1324,34.0,13.3,11.2,21.4,35.3
46065,SD,Hughes,17624,32.0,13.7,10.8,21.9,34.0
46067,SD,Hutchinson,7394,35.3,14.6,12.1,24.0,34.4
46069,SD,Hyde,1186,37.4,16.3,13.6,26.1,35.3
46071,SD,Jackson,2776,40.2,28.5,18.6,35.2,40.9
46073,SD,Jerauld,1660,39.2,14.5,13.8,26.2,35.6
46075,SD,Jones,855,41.0,16.2,14.7,27.2,35.4
46077,SD,Kingsbury,5276,35.5,14.7,12.1,24.6,35.6
46079,SD,Lake,11031,35.8,13.2,12.0,22.5,32.5
46081,SD,Lawrence,28053,33.0,14.2,11.4,23.5,32.7
46083,SD,Lincoln,73238,28.9,11.6,8.8,17.6,34.9
46085,SD,Lyman,3705,38.7,21.4,15.8,30.1,40.1
46087,SD,McCook,5809,32.8,14.0,11.0,22.9,36.1
46089,SD,McPherson,2334,40.9,16.2,14.8,29.2,34.9
46091,SD,Marshall,4390,36.0,15.2,12.7,24.7,35.9
46093,SD,Meade,30954,31.3,14.1,9.5,21.4,30.4
46095,SD,Mellette,1851,42.5,30.2,21.1,38.5,45.6
46097,SD,Miner,2280,37.7,15.9,13.3,26.6,35.7
46099,SD,Minnehaha,206930,31.7,14.2,10.6,23.3,37.4
46101,SD,Moody,6450,34.1,14.5,12.1,23.8,33.6
46102,SD,Oglala Lakota,13434,38.9,39.8,21.1,40.1,47.0
46103,SD,Pennington,115903,34.6,15.0,12.1,23.3,33.7
46105,SD,Perkins,2834,38.7,16.0,14.3,26.6,36.0
46107,SD,Potter,2413,37.9,13.6,13.1,24.3,34.8
46109,SD,Roberts,10206,39.6,20.3,16.3,31.7,43.0
46111,SD,Sanborn,2399,35.9,16.1,12.6,25.5,36.3
46115,SD,Spink,6166,37.3,15.1,12.9,25.6,36.0
46117,SD,Stanley,3043,33.6,13.4,11.1,21.8,35.2
46119,SD,Sully,1494,37.6,13.7,12.5,23.4,34.7
46121,SD,Todd,9199,38.5,37.2,20.7,40.8,49.3
46123,SD,Tripp,5621,39.9,18.9,15.3,29.4,37.0
46125,SD,Turner,9027,34.3,15.0,11.8,24.2,34.0
46127,SD,Union,17183,32.0,12.8,10.6,21.1,31.2
46129,SD,Walworth,5269,36.7,15.7,13.4,25.1,34.3
46135,SD,Yankton,23517,35.0,13.8,11.8,24.5,38.3
46137,SD,Ziebach,2322,39.4,30.4,18.7,37.8,47.2
47001,TN,Anderson,80234,41.8,18.5,14.1,27.4,42.0
47003,TN,Bedford,53055,39.4,19.4,13.5,29.6,44.4
47005,TN,Benton,16103,46.0,22.4,16.9,33.8,40.8
47007,TN,Bledsoe,15060,45.7,25.6,17.3,34.7,41.9
47009,TN,Blount,141456,40.8,16.6,13.4,25.8,36.3
47011,TN,Bradley,111579,40.8,17.6,13.4,25.9,41.5
47013,TN,Campbell,40223,43.5,22.8,15.7,32.3,42.6
47015,TN,Cannon,15063,41.5,20.8,14.5,29.5,43.1
47017,TN,Carroll,28860,42.0,19.8,15.2,30.3,42.8
47019,TN,Carter,57022,44.7,20.5,15.9,31.4,37.9
47021,TN,Cheatham,42254,38.1,17.4,12.4,24.6,39.6
47023,TN,Chester,17606,39.8,19.4,13.9,28.6,39.0
47025,TN,Claiborne,32654,42.6,20.9,15.0,30.3,42.3
47027,TN,Clay,7714,47.4,23.1,17.8,34.2,39.9
47029,TN,Cocke,37404,45.5,23.9,17.2,33.3,40.3
47031,TN,Coffee,60633,41.6,19.9,13.9,28.3,39.5
47033,TN,Crockett,13982,42.7,19.5,15.5,30.9,42.1
47035,TN,Cumberland,64760,49.0,19.4,17.3,29.7,39.5
47037,TN,Davidson,712334,33.3,14.0,11.2,24.7,32.3
47039,TN,Decatur,11656,46.5,23.8,17.8,33.5,43.0
47041,TN,DeKalb,21225,43.6,22.2,15.9,32.2,40.4
47043,TN,Dickson,56729,37.6,18.0,12.7,27.1,37.6
47045,TN,Dyer,36498,42.6,20.1,14.9,30.5,39.4
47047,TN,Fayette,44175,45.1,16.5,15.9,26.8,39.0
47049,TN,Fentress,19696,45.6,22.5,17.1,32.6,44.9
47051,TN,Franklin,44654,40.7,17.7,13.9,28.8,35.0
47053,TN,Gibson,51045,41.5,20.1,14.7,29.8,39.6
47055,TN,Giles,30721,43.1,19.5,15.4,28.8,39.8
47057,TN,Grainger,24681,43.3,21.3,15.7,30.8,41.2
47059,TN,Greene,72577,42.3,20.6,15.4,31.1,40.6
47061,TN,Grundy,13955,44.5,24.2,16.5,33.0,40.6
47063,TN,Hamblen,66216,41.4,20.9,15.2,31.1,40.5
47065,TN,Hamilton,379864,38.3,15.4,12.7,22.4,34.5
47067,TN,Hancock,6956,49.5,29.4,20.3,39.0,43.0
47069,TN,Hardeman,25567,45.9,22.2,17.2,34.1,43.7
47071,TN,Hardin,27229,45.7,22.7,17.1,33.3,38.1
47073,TN,Hawkins,58600,43.9,21.2,16.0,31.6,41.1
47075,TN,Haywood,17328,51.2,22.9,20.7,38.7,46.6
47077,TN,Henderson,28070,43.0,21.5,15.4,31.1,38.8
47079,TN,Henry,32554,45.1,21.0,16.9,32.5,38.2
47081,TN,Hickman,25826,41.4,20.9,14.1,29.7,38.4
47083,TN,Houston,8393,42.4,20.2,14.7,30.1,39.5
47085,TN,Humphreys,19209,42.4,20.6,15.0,29.5,41.2
47087,TN,Jackson,12363,44.8,23.2,17.0,33.0,39.4
47089,TN,Jefferson,57838,40.9,18.1,13.6,27.1,37.3
47091,TN,Johnson,18375,46.2,23.2,17.5,33.7,40.0
47093,TN,Knox,500669,36.5,15.0,12.0,23.3,33.5
47095,TN,Lake,6347,48.3,29.4,19.0,39.6,47.2
47097,TN,Lauderdale,24610,45.5,23.4,17.2,34.5,47.2
47099,TN,Lawrence,46114,42.0,21.4,14.9,30.5,41.5
47101,TN,Lewis,13066,42.0,20.8,14.9,29.8,39.2
47103,TN,Lincoln,36169,42.1,18.9,14.8,28.8,40.5
47105,TN,Loudon,60591,44.8,15.9,15.1,27.1,36.4
47107,TN,McMinn,55678,43.3,19.7,15.4,30.0,46.8
47109,TN,McNairy,26163,44.3,22.0,16.2,31.3,39.4
47111,TN,Macon,26793,39.4,22.7,14.6,31.8,43.1
47113,TN,Madison,99193,43.7,18.4,16.2,30.4,43.8
47115,TN,Marion,29382,44.0,21.7,16.2,31.1,40.6
47117,TN,Marshall,36961,39.9,18.8,13.6,27.2,40.0
47119,TN,Maury,110760,39.0,16.4,12.6,24.6,35.2
47121,TN,Meigs,13691,44.9,22.2,15.9,31.1,40.8
47123,TN,Monroe,48594,45.2,21.7,15.9,31.9,39.1
47125,TN,Montgomery,239872,33.9,15.6,10.8,23.7,38.4
47127,TN,Moore,6748,42.7,18.8,14.7,28.6,38.8
47129,TN,Morgan,21573,42.4,22.2,14.8,30.4,43.4
47131,TN,Obion,30411,43.7,21.1,16.2,32.2,40.2
47133,TN,Overton,23327,43.5,22.7,15.7,30.7,40.9
47135,TN,Perry,8891,44.6,23.6,16.4,33.5,40.1
47137,TN,Pickett,5128,49.0,23.5,19.1,35.1,41.8
47139,TN,Polk,18033,43.8,20.7,15.1,30.5,43.7
47141,TN,Putnam,83844,37.0,17.6,12.4,25.4,37.5
47143,TN,Rhea,33924,43.2,21.5,15.7,31.2,42.5
47145,TN,Roane,56096,43.3,18.9,14.7,29.5,37.0
47147,TN,Robertson,76776,38.2,18.0,12.7,27.2,37.0
47149,TN,Rutherford,367101,34.0,14.6,10.9,22.9,37.9
47151,TN,Scott,22171,44.1,26.4,16.6,35.4,43.4
47153,TN,Sequatchie,17161,44.7,22.7,16.7,32.5,39.4
47155,TN,Sevier,99415,40.8,18.8,14.4,27.2,38.4
47157,TN,Shelby,910042,43.0,17.2,15.9,27.5,39.7
47159,TN,Smith,20538,39.1,19.7,13.5,27.7,39.1
47161,TN,Stewart,14222,41.4,18.7,14.0,27.6,38.1
47163,TN,Sullivan,162135,42.0,19.2,15.2,29.1,37.8
47165,TN,Sumner,207994,37.0,15.3,12.2,23.6,40.6
47167,TN,Tipton,62015,42.1,19.0,14.2,28.0,44.1
47169,TN,Trousdale,12271,35.9,20.8,11.7,27.9,39.1
47171,TN,Unicoi,17756,45.2,21.4,16.5,31.9,39.3
47173,TN,Union,20741,41.2,21.3,14.6,29.5,40.3
47175,TN,Van Buren,6493,45.1,21.1,16.0,31.0,39.2
47177,TN,Warren,42638,42.1,21.4,15.5,31.8,42.3
47179,TN,Washington,138420,36.9,16.9,12.8,25.4,35.5
47181,TN,Wayne,16066,42.7,23.1,15.4,31.5,40.5
47183,TN,Weakley,33084,38.3,19.0,13.9,28.9,39.1
47185,TN,White,28692,43.3,22.1,15.6,32.1,39.7
47187,TN,Williamson,264460,35.0,10.4,10.0,18.1,29.4
47189,TN,Wilson,163674,35.7,14.4,11.3,21.8,31.2
48001,TX,Anderson,57736,38.6,17.4,13.9,30.6,39.9
48003,TX,Andrews,18664,31.9,14.5,12.7,31.1,36.7
48005,TX,Angelina,87319,41.3,17.1,14.9,33.4,40.8
48007,TX,Aransas,25374,43.5,14.1,15.9,30.2,36.0
48009,TX,Archer,9029,38.1,14.6,12.7,26.5,34.9
48011,TX,Armstrong,1832,38.0,12.8,12.6,24.9,33.3
48013,TX,Atascosa,51784,36.8,13.7,15.4,35.0,42.2
48015,TX,Austin,31677,39.5,14.6,14.7,30.1,37.3
48017,TX,Bailey,6672,35.6,14.4,15.5,36.4,38.8
48019,TX,Bandera,22637,42.6,13.9,15.7,29.7,35.5
48021,TX,Bastrop,110778,35.7,14.0,13.4,31.3,40.2
48023,TX,Baylor,3463,41.3,16.2,14.9,30.8,36.1
48025,TX,Bee,30850,34.2,14.8,13.9,32.9,39.2
48027,TX,Bell,393193,33.2,13.3,12.6,29.3,43.2
48029,TX,Bexar,2087679,33.5,12.2,13.9,30.6,34.1
48031,TX,Blanco,13048,38.7,11.5,13.1,24.1,34.5
48033,TX,Borden,572,39.6,12.4,13.2,25.5,33.2
48035,TX,Bosque,18996,40.0,14.2,14.3,28.2,35.9
48037,TX,Bowie,91687,38.9,16.0,13.8,29.1,36.7
48039,TX,Brazoria,398938,34.6,11.6,12.0,25.6,36.3
48041,TX,Brazos,244703,27.8,11.7,9.7,24.2,29.4
48043,TX,Brewster,9513,35.0,9.7,12.8,24.9,32.8
48045,TX,Briscoe,1445,43.4,16.8,17.5,34.5,39.5
48047,TX,Brooks,6848,38.3,15.4,19.8,42.8,42.6
48049,TX,Brown,38709,38.1,15.3,14.0,30.1,34.9
48051,TX,Burleson,19475,39.3,14.1,14.0,28.7,35.9
48053,TX,Burnet,53991,38.3,13.1,13.5,26.8,35.3
48055,TX,Caldwell,49859,34.9,14.4,14.6,33.3,42.2
48057,TX,Calhoun,19696,36.8,13.0,14.7,31.3,34.8
48059,TX,Callahan,14374,38.5,14.7,13.2,26.5,36.2
48061,TX,Cameron,426710,34.0,13.0,18.3,36.9,40.3
48063,TX,Camp,13000,40.9,17.2,16.1,33.8,40.0
48065,TX,Carson,5878,36.0,13.1,11.7,24.2,34.0
48067,TX,Cass,28659,42.8,17.2,15.7,30.8,39.3
48069,TX,Castro,7227,36.2,13.3,15.5,34.2,38.2
48071,TX,Chambers,53876,32.1,13.4,10.8,25.0,35.0
48073,TX,Cherokee,52217,38.7,16.9,14.7,31.8,35.7
48075,TX,Childress,6788,34.0,14.7,12.0,29.6,36.1
48077,TX,Clay,10738,39.3,14.2,13.2,26.4,34.9
48079,TX,Cochran,2509,39.8,19.3,18.6,41.7,42.6
48081,TX,Coke,3352,42.3,15.3,15.9,31.7,36.3
48083,TX,Coleman,7842,41.9,15.5,15.4,29.8,37.2
48085,TX,Collin,1195359,30.4,9.3,9.5,20.0,32.3
48087,TX,Collingsworth,2563,39.9,16.5,15.5,32.0,39.3
48089,TX,Colorado,21117,40.0,13.6,14.9,29.9,36.2
48091,TX,Comal,193928,34.3,10.5,11.2,21.8,35.0
48093,TX,Comanche,14050,40.1,14.5,14.8,30.5,36.7
48095,TX,Concho,3297,38.5,15.8,14.2,32.0,37.1
48097,TX,Cooke,43782,37.4,14.5,13.0,27.7,36.1
48099,TX,Coryell,84878,30.4,14.1,10.3,26.8,37.3
48101,TX,Cottle,1294,45.1,17.6,18.8,35.4,40.6
48103,TX,Crane,4574,34.3,14.3,15.0,36.0,39.7
48105,TX,Crockett,2858,37.7,14.3,16.5,35.3,37.7
48107,TX,Crosby,4917,39.5,15.9,17.1,37.0,40.5
48109,TX,Culberson,2196,40.2,16.1,19.3,40.8,40.3
48111,TX,Dallam,7237,35.1,16.9,14.7,35.6,39.6
48113,TX,Dallas,2606358,33.1,12.5,12.5,30.5,35.7
48115,TX,Dawson,12004,36.0,17.1,15.3,36.5,39.4
48117,TX,Deaf Smith,18347,35.5,15.7,16.4,39.8,40.7
48119,TX,Delta,5520,39.1,15.9,13.7,28.3,37.1
48121,TX,Denton,1007703,29.5,9.8,9.9,21.2,33.7
48123,TX,DeWitt,19929,40.2,16.0,16.0,33.0,37.6
48125,TX,Dickens,1711,43.0,15.1,16.7,32.5,37.5
48127,TX,Dimmit,8257,42.3,18.9,23.4,49.5,46.8
48129,TX,Donley,3214,39.4,14.3,14.0,28.8,34.2
48131,TX,Duval,9604,38.4,14.8,18.8,41.1,41.2
48133,TX,Eastland,18037,38.7,15.6,14.1,29.8,35.5
48135,TX,Ector,164494,30.5,14.2,12.8,31.8,40.0
48137,TX,Edwards,1393,44.6,15.0,19.3,36.4,38.2
48139,TX,Ellis,222829,34.2,12.6,11.6,25.8,37.2
48141,TX,El Paso,869880,33.1,12.1,15.4,33.4,34.0
48143,TX,Erath,44195,30.9,12.9,10.8,25.1,33.4
48145,TX,Falls,17286,40.9,17.1,16.1,33.8,40.0
48147,TX,Fannin,37571,37.5,16.6,13.2,29.1,39.2
48149,TX,Fayette,25474,39.3,12.3,13.8,26.5,33.9
48151,TX,Fisher,3612,40.0,13.4,14.5,28.8,36.1
48153,TX,Floyd,5090,38.9,15.2,17.0,36.5,39.1
48155,TX,Foard,1079,45.4,18.0,18.2,35.6,40.1
48157,TX,Fort Bend,916778,31.8,9.8,12.0,24.3,30.1
48159,TX,Franklin,10735,38.4,13.1,13.0,25.5,35.3
48161,TX,Freestone,20441,41.0,16.0,14.7,30.1,38.2
48163,TX,Frio,17987,33.1,15.0,15.3,38.6,40.5
48165,TX,Gaines,22523,30.8,16.4,11.8,31.8,36.1
48167,TX,Galveston,361744,35.7,12.3,12.3,25.4,34.0
48169,TX,Garza,4517,35.5,16.9,14.9,36.0,39.9
48171,TX,Gillespie,27733,40.3,11.1,13.6,25.6,32.8
48173,TX,Glasscock,1141,32.4,10.8,10.9,23.3,34.0
48175,TX,Goliad,7144,40.5,14.2,15.6,30.4,37.0
48177,TX,Gonzales,19930,38.8,15.8,16.0,35.8,39.4
48179,TX,Gray,20916,37.6,16.4,13.9,31.6,38.5
48181,TX,Grayson,146907,36.1,14.4,12.5,27.4,33.9
48183,TX,Gregg,126243,37.6,15.3,13.5,29.1,36.8
48185,TX,Grimes,32384,38.7,15.7,14.4,30.1,37.1
48187,TX,Guadalupe,188454,33.8,12.5,12.8,25.9,34.7
48189,TX,Hale,31761,36.3,15.7,15.6,36.1,38.9
48191,TX,Hall,2818,42.7,15.6,17.5,34.4,39.1
48193,TX,Hamilton,8619,41.3,15.3,14.6,30.0,36.1
48195,TX,Hansford,5071,34.6,13.6,13.6,31.0,36.8
48197,TX,Hardeman,3490,40.5,15.8,15.2,31.2,37.6
48199,TX,Hardin,58261,36.7,15.6,12.4,26.8,34.0
48201,TX,Harris,4835125,32.8,12.7,13.2,26.8,37.3
48203,TX,Harrison,70895,38.6,15.2,13.8,29.5,38.8
48205,TX,Hartley,5145,34.9,13.4,12.0,26.8,34.5
48207,TX,Haskell,5385,39.3,16.3,14.9,32.1,36.6
48209,TX,Hays,280486,29.0,10.8,10.2,23.1,34.5
48211,TX,Hemphill,3189,34.1,11.7,11.6,25.5,32.7
48213,TX,Henderson,86158,40.6,16.1,14.5,30.1,35.4
48215,TX,Hidalgo,898471,33.4,13.3,17.4,37.5,44.2
48217,TX,Hill,38101,38.8,15.3,14.2,30.4,36.9
48219,TX,Hockley,21460,35.1,14.5,14.1,32.0,36.1
48221,TX,Hood,67774,38.0,12.0,12.5,24.7,33.2
48223,TX,Hopkins,38172,37.5,15.5,13.4,29.6,37.5
48225,TX,Houston,22066,43.4,17.9,16.8,33.7,38.2
48227,TX,Howard,30554,34.8,15.1,13.7,32.1,38.4
48229,TX,Hudspeth,3451,33.0,18.7,14.3,38.5,41.0
48231,TX,Hunt,113347,35.6,15.2,12.3,28.0,36.7
48233,TX,Hutchinson,20033,36.0,14.8,12.9,28.2,35.1
48235,TX,Irion,1549,37.7,12.8,13.4,26.7,35.1
48237,TX,Jack,8875,37.5,17.5,13.4,30.4,37.8
48239,TX,Jackson,15221,38.6,15.0,14.7,31.7,37.7
48241,TX,Jasper,32694,43.2,18.9,16.3,33.5,41.1
48243,TX,Jeff Davis,1856,50.1,14.4,21.2,34.2,37.9
48245,TX,Jefferson,251496,39.8,16.1,15.6,31.9,41.3
48247,TX,Jim Hogg,4720,41.6,17.2,22.8,47.7,44.7
48249,TX,Jim Wells,38662,37.3,14.6,18.0,40.2,40.6
48251,TX,Johnson,202906,33.8,14.4,11.9,27.0,33.4
48253,TX,Jones,20381,36.2,17.1,13.0,30.7,38.7
48255,TX,Karnes,15018,35.3,16.0,14.0,34.1,38.9
48257,TX,Kaufman,185690,32.5,14.0,11.2,27.3,38.0
48259,TX,Kendall,50537,34.9,10.0,11.1,21.2,34.3
48261,TX,Kenedy,343,38.2,15.1,18.5,40.2,37.9
48263,TX,Kent,734,38.9,11.5,12.9,25.2,32.5
48265,TX,Kerr,53915,40.3,12.4,14.7,28.0,34.4
48267,TX,Kimble,4442,43.8,14.8,16.6,31.5,36.8
48269,TX,King,217,45.0,17.5,16.8,32.5,37.8
48271,TX,Kinney,3148,39.2,12.2,15.8,32.0,36.8
48273,TX,Kleberg,30069,31.5,12.1,14.0,33.9,37.1
48275,TX,Knox,3302,40.3,15.6,15.6,32.4,37.8
48277,TX,Lamar,51127,39.9,16.7,14.3,30.1,38.5
48279,TX,Lamb,12711,38.2,15.2,16.6,35.9,40.0
48281,TX,Lampasas,23262,38.5,14.2,14.0,27.8,35.1
48283,TX,La Salle,6537,33.6,15.3,15.5,39.8,38.8
48285,TX,Lavaca,20571,40.6,14.4,14.6,29.7,36.3
48287,TX,Lee,18240,40.6,16.4,15.4,31.9,39.8
48289,TX,Leon,16538,41.6,15.9,15.3,30.5,36.2
48291,TX,Liberty,108272,35.4,17.8,13.9,34.5,40.1
48293,TX,Limestone,22250,41.9,16.6,16.1,32.8,39.7
48295,TX,Lipscomb,2906,38.6,14.5,14.8,30.6,36.7
48297,TX,Live Oak,11584,40.0,16.8,16.2,35.0,39.7
48299,TX,Llano,22875,44.8,12.5,15.7,28.1,35.8
48303,TX,Lubbock,320940,30.3,12.6,11.4,27.6,35.4
48305,TX,Lynn,5761,37.5,15.9,15.2,32.5,38.6
48307,TX,McCulloch,7452,40.4,15.1,15.5,32.1,36.4
48309,TX,McLennan,268583,34.3,13.5,12.5,27.9,34.8
48311,TX,McMullen,568,42.1,15.9,17.8,35.5,38.6
48313,TX,Madison,13742,36.1,16.2,13.1,31.5,37.1
48315,TX,Marion,9571,46.8,17.7,18.1,33.1,39.1
48317,TX,Martin,5216,32.3,14.0,12.1,29.3,36.0
48319,TX,Mason,3931,41.2,11.5,14.4,26.8,33.5
48321,TX,Matagorda,36359,39.6,15.3,16.4,33.8,39.4
48323,TX,Maverick,57762,34.4,14.2,17.8,41.7,43.9
48325,TX,Medina,54797,37.1,12.6,14.4,30.5,39.5
48327,TX,Menard,1958,44.2,14.0,17.6,33.3,36.5
48329,TX,Midland,177108,30.5,12.0,10.8,26.6,35.9
48331,TX,Milam,25951,40.2,15.3,14.9,31.1,37.1
48333,TX,Mills,4548,40.4,12.7,14.1,26.9,33.0
48335,TX,Mitchell,9075,35.4,16.0,13.3,31.8,38.4
48337,TX,Montague,21598,38.7,15.7,13.4,28.4,35.0
48339,TX,Montgomery,711354,31.9,11.8,11.4,23.5,31.8
48341,TX,Moore,21190,34.5,15.7,14.9,35.9,39.0
48343,TX,Morris,12066,42.7,16.7,15.9,31.6,39.0
48345,TX,Motley,1020,41.8,14.4,14.7,28.8,35.2
48347,TX,Nacogdoches,65375,35.0,14.9,13.2,29.8,33.2
48349,TX,Navarro,55635,38.4,16.6,15.3,32.9,38.1
48351,TX,Newton,12039,46.2,22.2,18.6,37.1,42.8
48353,TX,Nolan,14306,40.3,17.3,16.5,35.8,40.5
48355,TX,Nueces,352289,36.2,13.1,15.8,31.8,39.7
48357,TX,Ochiltree,9704,34.8,14.9,14.1,33.4,39.2
48359,TX,Oldham,1783,36.3,15.3,13.3,28.6,36.1
48361,TX,Orange,85722,36.6,15.7,12.4,27.6,38.4
48363,TX,Palo Pinto,29747,38.6,16.3,14.4,30.7,39.4
48365,TX,Panola,22838,39.3,15.6,13.8,28.7,37.4
48367,TX,Parker,173494,34.0,12.9,10.7,23.4,35.5
48369,TX,Parmer,9617,34.9,13.4,15.0,33.8,37.0
48371,TX,Pecos,14623,36.2,15.8,16.5,37.4,40.2
48373,TX,Polk,54186,40.7,18.9,15.4,32.4,39.2
48375,TX,Potter,114647,37.6,17.3,15.3,34.9,41.8
48377,TX,Presidio,5795,42.9,14.6,22.2,43.7,41.0
48379,TX,Rains,12986,40.5,14.6,14.1,27.5,35.8
48381,TX,Randall,148255,32.8,12.0,10.8,23.5,35.1
48383,TX,Reagan,3141,34.3,13.1,14.5,33.0,39.1
48385,TX,Real,2854,45.5,16.4,18.3,34.6,38.1
48387,TX,Red River,11678,44.8,17.5,16.9,32.5,38.5
48389,TX,Reeves,11770,35.6,15.6,17.6,41.5,40.7
48391,TX,Refugio,6666,40.8,15.0,17.6,35.9,39.7
48393,TX,Roberts,840,36.3,12.4,11.6,23.6,33.7
48395,TX,Robertson,17267,40.8,15.7,15.4,31.5,37.9
48397,TX,Rockwall,131307,30.5,10.0,9.4,20.4,35.1
48399,TX,Runnels,9868,38.2,14.3,14.7,31.0,35.9
48401,TX,Rusk,53079,39.0,16.1,13.9,29.8,37.5
48403,TX,Sabine,10106,45.9,16.2,16.6,30.7,35.5
48405,TX,San Augustine,7833,49.7,21.8,20.9,39.2,43.5
48407,TX,San Jacinto,28936,42.7,17.5,16.4,32.4,39.0
48409,TX,San Patricio,70660,38.0,14.4,15.4,34.6,41.3
48411,TX,San Saba,5845,38.2,14.9,14.2,30.9,35.8
48413,TX,Schleicher,2391,37.1,12.3,14.8,30.7,36.0
48415,TX,Scurry,16212,35.3,14.2,13.6,31.0,38.1
48417,TX,Shackelford,3229,36.8,12.5,12.3,24.1,33.8
48419,TX,Shelby,24179,42.0,18.5,16.4,35.2,41.1
48421,TX,Sherman,2678,34.2,12.3,12.9,28.5,35.4
48423,TX,Smith,245209,36.4,13.6,13.2,27.0,37.5
48425,TX,Somervell,9888,36.6,13.4,12.3,25.7,34.3
48427,TX,Starr,65934,36.6,16.9,20.0,47.0,45.0
48429,TX,Stephens,9343,37.7,15.6,13.8,29.9,36.3
48431,TX,Sterling,1397,31.1,11.2,10.5,23.8,33.2
48433,TX,Stonewall,1218,42.7,15.0,15.8,32.2,35.8
48435,TX,Sutton,3221,39.2,14.0,17.4,35.8,38.3
48437,TX,Swisher,6955,39.3,17.6,16.6,36.9,40.5
48439,TX,Tarrant,2182947,31.4,12.7,11.7,27.7,33.2
48441,TX,Taylor,146836,32.7,12.9,11.2,26.1,34.3
48443,TX,Terrell,687,39.6,9.2,15.0,26.8,33.8
48445,TX,Terry,11547,37.6,16.7,16.4,37.3,40.7
48447,TX,Throckmorton,1526,43.1,14.9,15.4,30.0,35.5
48449,TX,Titus,31357,37.8,16.5,15.6,35.1,38.6
48451,TX,Tom Green,119057,34.8,12.8,12.9,29.0,36.8
48453,TX,Travis,1334961,26.6,9.5,9.0,19.9,30.4
48455,TX,Trinity,14228,43.9,16.8,16.4,31.7,37.7
48457,TX,Tyler,20382,42.0,19.3,15.3,33.1,38.7
48459,TX,Upshur,43281,38.8,16.6,13.9,29.6,37.6
48461,TX,Upton,3109,37.9,16.6,16.6,37.1,40.9
48463,TX,Uvalde,24960,35.5,13.1,15.7,34.5,40.1
48465,TX,Val Verde,47720,33.0,13.0,15.6,36.4,37.8
48467,TX,Van Zandt,64000,38.8,15.6,13.4,28.7,36.0
48469,TX,Victoria,91664,35.4,13.9,14.5,31.6,37.2
48471,TX,Walker,81268,36.2,16.2,13.3,29.7,39.3
48473,TX,Waller,63553,31.2,12.2,11.1,26.9,36.6
48475,TX,Ward,10966,34.8,14.5,14.4,33.9,37.6
48477,TX,Washington,37007,38.5,12.1,13.2,26.5,35.7
48479,TX,Webb,269148,31.6,12.7,16.1,39.2,42.1
48481,TX,Wharton,41739,38.1,14.2,15.0,32.1,40.0
48483,TX,Wheeler,4804,39.8,16.0,14.7,30.8,37.2
48485,TX,Wichita,130180,34.8,14.6,12.1,27.0,35.3
48487,TX,Wilbarger,12522,40.3,18.2,16.5,35.8,39.6
48489,TX,Willacy,20037,36.5,16.4,18.8,44.1,43.2
48491,TX,Williamson,697191,29.2,9.9,9.8,22.5,32.6
48493,TX,Wilson,54183,34.2,12.4,13.1,26.6,35.3
48495,TX,Winkler,7414,33.8,14.1,14.1,33.2,37.6
48497,TX,Wise,78097,34.5,14.8,11.9,26.6,34.1
48499,TX,Wood,47921,41.2,14.8,14.6,28.6,34.3
48501,TX,Yoakum,7468,32.6,12.9,13.5,32.1,37.6
48503,TX,Young,18124,38.1,14.5,13.4,28.4,37.1
48505,TX,Zapata,13736,38.2,17.1,20.8,47.1,43.7
48507,TX,Zavala,9312,40.6,18.0,22.6,48.4,47.5
49001,UT,Beaver,7233,29.6,9.3,9.8,19.3,28.5
49003,UT,Box Elder,62684,28.9,9.8,9.3,19.4,32.6
49005,UT,Cache,142393,24.6,8.1,7.8,15.5,27.9
49007,UT,Carbon,20609,33.6,11.9,12.8,21.9,35.0
49009,UT,Daggett,992,39.6,11.0,13.5,22.8,33.1
49011,UT,Davis,373207,26.9,7.4,8.2,17.0,32.7
49013,UT,Duchesne,20477,31.3,11.8,11.0,24.1,31.6
49015,UT,Emery,10144,34.0,11.0,11.2,20.1,30.6
49017,UT,Garfield,5314,34.7,9.3,11.6,19.5,28.6
49019,UT,Grand,9706,33.3,10.2,11.2,20.1,28.3
49021,UT,Iron,64211,27.6,9.9,9.4,18.3,35.3
49023,UT,Juab,13023,28.5,10.3,9.0,18.6,32.6
49025,UT,Kane,8425,35.6,9.3,11.8,19.5,33.3
49027,UT,Millard,13437,33.8,10.8,11.8,23.3,34.1
49029,UT,Morgan,13000,27.9,7.6,8.1,15.1,25.0
49031,UT,Piute,1550,40.6,12.3,15.2,26.0,33.0
49033,UT,Rich,2670,33.9,10.1,11.6,19.3,32.7
49035,UT,Salt Lake,1185813,27.5,8.2,8.5,18.6,29.9
49037,UT,San Juan,14358,37.3,15.7,15.4,25.1,34.2
49039,UT,Sanpete,30277,28.4,11.2,10.4,20.5,29.2
49041,UT,Sevier,22344,32.9,10.4,10.5,21.0,36.4
49043,UT,Summit,42759,27.7,6.6,8.7,14.3,19.8
49045,UT,Tooele,82051,28.8,9.5,8.9,20.8,37.6
49047,UT,Uintah,37747,30.7,12.6,10.5,21.3,35.5
49049,UT,Utah,719174,23.0,6.4,6.9,14.2,29.7
49051,UT,Wasatch,37144,27.1,7.3,8.4,16.8,24.3
49053,UT,Washington,202452,34.2,8.0,10.7,16.9,33.1
49055,UT,Wayne,2614,37.9,10.7,13.1,22.1,34.3
49057,UT,Weber,271926,29.4,9.1,9.0,20.3,34.7
50001,VT,Addison,37720,31.8,9.9,8.2,17.9,27.3
50003,VT,Bennington,37183,35.6,11.9,10.0,20.0,30.5
50005,VT,Caledonia,30610,34.9,13.7,10.1,24.0,31.3
50007,VT,Chittenden,169481,25.2,8.5,6.6,14.1,22.7
50009,VT,Essex,6010,39.9,16.3,12.5,27.0,34.2
50011,VT,Franklin,50994,34.0,13.0,9.6,21.5,36.9
50013,VT,Grand Isle,7467,35.5,11.3,9.7,18.7,30.7
50015,VT,Lamoille,26060,29.4,11.9,8.3,19.4,29.2
50017,VT,Orange,29943,34.3,12.1,9.7,22.3,32.6
50019,VT,Orleans,27516,36.0,13.9,10.7,23.5,33.2
50021,VT,Rutland,60271,36.5,12.9,10.3,22.2,35.5
50023,VT,Washington,60142,30.3,11.5,8.9,18.3,27.1
50025,VT,Windham,45966,32.5,12.2,9.8,19.8,25.9
50027,VT,Windsor,58101,33.2,11.1,9.5,19.6,28.8
51001,VA,Accomack,33239,47.4,16.5,18.2,33.4,40.0
51003,VA,Albemarle,115676,32.2,9.0,10.2,19.4,28.2
51005,VA,Alleghany,14595,42.5,16.6,15.1,28.4,39.0
51007,VA,Amelia,13480,43.0,17.7,16.6,30.3,39.3
51009,VA,Amherst,31396,41.2,15.6,15.1,29.0,39.3
51011,VA,Appomattox,16864,41.4,15.8,14.8,28.3,38.9
51013,VA,Arlington,234162,25.9,7.0,8.0,14.8,25.3
51015,VA,Augusta,78247,38.1,14.5,13.2,25.7,40.8
51017,VA,Bath,4051,47.3,19.3,18.4,33.1,38.8
51019,VA,Bedford,81525,37.8,13.2,13.5,26.5,36.9
51021,VA,Bland,6179,40.0,16.0,13.8,26.5,36.5
51023,VA,Botetourt,34125,39.4,13.0,13.0,24.0,35.1
51025,VA,Brunswick,15749,45.6,17.9,18.2,33.9,43.4
51027,VA,Buchanan,19087,44.2,21.6,17.4,34.4,38.9
51029,VA,Buckingham,16978,43.6,18.4,16.6,30.9,43.6
51031,VA,Campbell,55270,39.3,15.3,14.2,27.0,35.6
51033,VA,Caroline,32640,39.4,15.2,14.0,27.9,41.9
51035,VA,Carroll,29239,43.4,17.9,15.9,30.5,41.4
51036,VA,Charles City,6610,47.7,16.6,19.4,31.9,42.1
51037,VA,Charlotte,11336,45.2,19.2,18.6,33.5,42.6
51041,VA,Chesterfield,383876,36.5,11.5,12.4,22.6,36.4
51043,VA,Clarke,15466,37.1,11.7,12.2,22.9,32.8
51045,VA,Craig,4843,40.7,15.6,14.3,26.6,36.5
51047,VA,Culpeper,54973,37.4,13.7,12.8,25.9,38.5
51049,VA,Cumberland,9878,43.2,15.4,16.1,28.6,39.5
51051,VA,Dickenson,13640,44.3,20.6,16.9,34.0,39.1
51053,VA,Dinwiddie,28343,40.8,14.6,14.7,27.9,40.7
51057,VA,Essex,10598,45.9,16.9,18.0,31.2,42.6
51059,VA,Fairfax,1141878,29.6,8.1,10.7,19.4,24.0
51061,VA,Fauquier,75165,34.0,11.5,11.6,21.2,32.7
51063,VA,Floyd,15679,39.4,15.0,13.5,26.2,32.7
51065,VA,Fluvanna,28462,37.3,12.5,12.6,22.9,39.1
51067,VA,Franklin,55549,41.2,15.0,15.1,27.3,34.8
51069,VA,Frederick,95994,35.1,13.0,11.8,24.1,37.5
51071,VA,Giles,16457,39.9,16.0,13.8,27.1,36.1
51073,VA,Gloucester,40057,38.5,13.5,12.8,23.8,35.8
51075,VA,Goochland,27197,38.4,10.1,12.2,20.9,33.0
51077,VA,Grayson,15285,45.0,19.8,17.5,33.9,41.1
51079,VA,Greene,21301,37.6,14.2,12.7,25.8,37.8
51081,VA,Greensville,11133,44.3,19.2,17.1,31.6,45.3
51083,VA,Halifax,33432,47.4,18.4,19.3,33.7,40.2
51085,VA,Hanover,114148,34.9,11.8,11.6,21.4,32.9
51087,VA,Henrico,334760,36.6,11.4,12.3,21.4,32.8
51089,VA,Henry,49702,45.9,17.8,18.0,33.1,41.9
51091,VA,Highland,2339,44.0,12.8,15.2,25.6,33.0
51093,VA,Isle of Wight,40711,39.2,13.2,13.8,24.0,36.6
51095,VA,James City,82654,38.4,9.7,12.5,21.1,32.1
51097,VA,King and Queen,6720,44.9,16.4,17.0,29.8,40.7
51099,VA,King George,28568,34.3,13.1,11.6,23.1,36.1
51101,VA,King William,19030,36.5,13.8,12.2,23.8,34.9
51103,VA,Lancaster,10859,49.1,13.4,18.1,29.2,35.1
51105,VA,Lee,21745,44.4,21.2,17.3,34.0,42.3
51107,VA,Loudoun,436347,29.8,8.4,9.5,19.0,28.1
51109,VA,Louisa,41037,40.0,14.9,14.1,25.4,36.7
51111,VA,Lunenburg,12038,46.0,18.9,18.9,33.6,46.1
51113,VA,Madison,14128,39.4,14.1,13.7,25.6,37.8
51115,VA,Mathews,8514,43.1,13.1,15.2,26.1,35.1
51117,VA,Mecklenburg,30648,46.7,16.3,18.6,31.3,41.2
51119,VA,Middlesex,10924,45.0,13.1,16.5,27.2,37.8
51121,VA,Montgomery,98666,29.4,11.8,9.6,21.4,28.0
51125,VA,Nelson,14705,43.4,13.7,15.6,27.3,35.2
51127,VA,New Kent,26134,35.6,12.3,11.9,21.5,35.1
51131,VA,Northampton,12021,47.1,14.4,18.5,31.2,39.5
51133,VA,Northumberland,12391,46.5,12.0,16.8,26.2,36.0
51135,VA,Nottoway,15566,43.2,18.0,16.7,30.9,43.5
51137,VA,Orange,38574,38.4,13.7,12.9,25.0,37.1
51139,VA,Page,23741,40.0,17.0,14.1,29.1,34.6
51141,VA,Patrick,17509,43.4,17.2,16.4,30.3,39.9
51143,VA,Pittsylvania,59571,45.9,18.1,17.5,33.3,41.6
51145,VA,Powhatan,32105,37.6,12.8,12.1,22.6,36.4
51147,VA,Prince Edward,22049,35.8,14.6,13.5,27.7,37.2
51149,VA,Prince George,42871,34.0,13.8,11.5,24.9,38.4
51153,VA,Prince William,489640,32.8,11.1,11.4,23.1,34.3
51155,VA,Pulaski,33655,39.3,15.7,14.1,27.9,35.7
51157,VA,Rappahannock,7414,42.0,13.5,14.7,25.3,35.2
51159,VA,Richmond,9184,42.5,17.3,15.1,30.0,37.1
51161,VA,Roanoke,97026,36.3,11.9,12.0,22.7,34.4
51163,VA,Rockbridge,22358,40.9,13.8,14.0,25.9,34.0
51165,VA,Rockingham,86568,36.6,13.9,12.3,25.9,33.1
51167,VA,Russell,25477,42.9,19.0,15.7,31.3,39.6
51169,VA,Scott,21433,43.6,18.6,16.4,31.4,38.3
51171,VA,Shenandoah,45228,38.7,15.9,14.1,28.8,36.2
51173,VA,Smyth,29216,40.9,18.3,15.4,30.7,38.1
51175,VA,Southampton,17975,43.2,15.0,15.9,27.2,38.4
51177,VA,Spotsylvania,149588,36.5,12.8,12.6,24.6,40.3
51179,VA,Stafford,165428,31.5,11.0,10.7,22.1,35.7
51181,VA,Surry,6593,45.8,14.4,17.3,29.2,39.9
51183,VA,Sussex,10757,43.5,17.1,16.2,30.9,45.5
51185,VA,Tazewell,39120,43.1,18.1,15.9,31.0,40.4
51187,VA,Warren,41843,36.1,15.0,12.7,25.7,38.0
51191,VA,Washington,54050,40.0,14.8,13.8,27.0,38.3
51193,VA,Westmoreland,19013,45.4,17.1,18.3,33.1,41.0
51195,VA,Wise,35174,41.8,19.4,15.1,31.4,43.5
51197,VA,Wythe,28104,40.3,16.7,14.3,28.2,38.8
51199,VA,York,70952,33.4,10.0,11.1,19.2,31.5
51510,VA,Alexandria,155230,30.3,9.0,9.9,19.5,32.0
51520,VA,Bristol,16807,41.0,17.2,14.8,29.6,39.2
51530,VA,Buena Vista,6566,36.2,15.8,12.9,27.8,37.0
51540,VA,Charlottesville,44983,30.2,11.1,10.4,21.9,33.0
51550,VA,Chesapeake,253886,36.5,12.5,12.8,22.7,40.1
51570,VA,Colonial Heights,18393,36.4,12.8,12.3,25.1,37.4
51580,VA,Covington,5545,42.4,19.9,16.6,32.9,40.7
51590,VA,Danville,41837,47.7,19.1,19.9,35.6,41.7
51595,VA,Emporia,5463,47.6,18.6,20.0,36.4,44.4
51600,VA,Fairfax,25144,31.2,9.2,11.1,20.7,31.8
51610,VA,Falls Church,14685,29.2,6.7,8.9,15.8,29.1
51620,VA,Franklin,8339,45.2,16.8,18.1,32.7,43.8
51630,VA,Fredericksburg,28928,30.2,11.7,10.2,22.8,39.5
51640,VA,Galax,6717,40.9,19.2,16.3,33.1,39.4
51650,VA,Hampton,137098,39.9,14.1,15.0,26.4,40.3
51660,VA,Harrisonburg,51082,27.8,13.2,10.2,25.9,34.0
51670,VA,Hopewell,22752,43.4,20.3,17.7,35.6,45.8
51678,VA,Lexington,7528,25.3,9.2,7.8,19.5,29.1
51680,VA,Lynchburg,79535,32.5,12.3,11.0,23.6,36.4
51683,VA,Manassas,42696,30.9,12.0,12.0,26.2,35.8
51685,VA,Manassas Park,16361,33.1,13.8,13.8,30.8,38.6
51690,VA,Martinsville,13763,44.9,19.1,18.6,34.0,44.9
51700,VA,Newport News,183118,37.6,14.1,13.5,28.1,40.8
51710,VA,Norfolk,230930,36.2,13.7,12.7,26.1,40.3
51720,VA,Norton,3492,40.0,19.8,14.9,31.3,40.8
51730,VA,Petersburg,33309,46.4,16.9,19.2,34.2,46.6
51735,VA,Poquoson,12635,34.8,11.2,11.0,20.6,33.2
51740,VA,Portsmouth,96793,40.5,16.4,15.8,30.0,40.8
51750,VA,Radford,16971,27.5,14.0,9.2,24.8,34.4
51760,VA,Richmond,229247,36.2,14.2,12.9,25.4,37.7
51770,VA,Roanoke,97171,39.6,16.5,15.1,30.0,42.0
51775,VA,Salem,25600,35.4,13.0,12.0,24.0,35.2
51790,VA,Staunton,25915,37.1,13.5,12.9,25.1,36.4
51800,VA,Suffolk,100659,39.2,13.2,13.7,25.9,42.5
51810,VA,Virginia Beach,453649,35.4,11.9,12.3,22.3,36.7
51820,VA,Waynesboro,23182,37.6,15.2,13.2,27.4,38.6
51830,VA,Williamsburg,15847,28.5,9.7,9.4,21.0,31.1
51840,VA,Winchester,27617,37.5,15.5,14.2,28.9,37.6
53001,WA,Adams,20820,32.4,14.0,13.3,29.8,37.6
53003,WA,Asotin,22549,37.4,13.3,12.6,21.6,35.3
53005,WA,Benton,215219,29.2,10.4,10.4,20.6,36.2
53007,WA,Chelan,79997,32.4,11.4,10.7,20.6,29.1
53009,WA,Clallam,77616,38.8,11.8,12.1,20.3,31.0
53011,WA,Clark,521150,31.1,11.0,9.6,19.8,35.3
53013,WA,Columbia,4053,36.8,11.9,12.2,20.6,32.4
53015,WA,Cowlitz,112864,35.4,13.4,11.4,22.5,40.5
53017,WA,Douglas,44798,32.4,11.7,11.0,23.0,35.8
53019,WA,Ferry,7497,41.1,16.0,15.1,25.1,40.2
53021,WA,Franklin,99034,27.8,12.1,10.8,24.9,35.2
53023,WA,Garfield,2363,37.7,11.4,11.5,19.7,31.0
53025,WA,Grant,102678,32.7,12.6,11.5,25.3,38.7
53027,WA,Grays Harbor,77290,39.4,15.0,13.6,23.8,37.0
53029,WA,Island,86267,34.7,9.5,10.2,16.1,31.3
53031,WA,Jefferson,33714,41.0,9.5,13.1,17.4,28.7
53033,WA,King,2271380,26.7,7.2,7.3,13.9,22.6
53035,WA,Kitsap,277658,33.2,10.4,9.8,16.7,31.8
53037,WA,Kittitas,45508,30.2,11.1,9.7,19.4,34.7
53039,WA,Klickitat,23589,34.1,12.1,11.7,20.4,32.9
53041,WA,Lewis,86154,36.3,14.4,12.1,22.4,39.0
53043,WA,Lincoln,11738,36.7,11.7,11.7,20.5,37.6
53045,WA,Mason,68389,36.8,13.0,12.2,21.4,35.9
53047,WA,Okanogan,43712,37.6,15.5,13.3,24.8,32.6
53049,WA,Pacific,24200,42.1,13.1,14.9,22.2,36.4
53051,WA,Pend Oreille,14361,38.5,13.6,13.3,23.1,38.9
53053,WA,Pierce,928696,32.3,11.6,10.6,19.0,36.9
53055,WA,San Juan,18566,37.0,8.9,10.9,15.8,24.7
53057,WA,Skagit,131417,33.2,11.4,10.8,19.6,33.0
53059,WA,Skamania,12640,36.2,12.0,11.2,19.2,32.8
53061,WA,Snohomish,844761,29.6,10.1,9.1,17.8,30.6
53063,WA,Spokane,551455,31.1,11.7,10.2,19.3,34.7
53065,WA,Stevens,48837,37.6,14.0,12.6,21.6,34.3
53067,WA,Thurston,299003,34.5,10.2,10.3,17.2,31.2
53069,WA,Wahkiakum,4765,42.9,13.3,14.7,21.7,39.1
53071,WA,Walla Walla,61568,31.6,11.1,10.6,19.6,34.1
53073,WA,Whatcom,231919,28.4,10.8,8.8,16.8,26.5
53075,WA,Whitman,48012,23.9,10.1,7.4,16.6,28.5
53077,WA,Yakima,256643,32.7,12.9,12.9,27.9,39.7
54001,WV,Barbour,15378,46.4,21.4,16.9,36.2,43.3
54003,WV,Berkeley,132440,39.6,17.4,13.5,31.1,38.7
54005,WV,Boone,20576,48.1,21.9,17.3,36.9,46.7
54007,WV,Braxton,12162,49.0,24.1,19.1,38.5,41.5
54009,WV,Brooke,21373,44.6,16.9,15.5,29.9,40.0
54011,WV,Cabell,92082,39.8,17.8,14.9,31.1,44.1
54013,WV,Calhoun,5959,51.4,26.2,21.1,41.2,40.8
54015,WV,Clay,7783,48.4,24.3,18.8,39.1,41.9
54017,WV,Doddridge,7680,45.5,21.5,16.4,34.6,41.0
54019,WV,Fayette,39072,45.6,21.7,17.9,35.9,40.5
54021,WV,Gilmer,7254,43.5,20.7,15.5,34.8,42.9
54023,WV,Grant,10921,45.6,19.2,16.6,33.8,43.2
54025,WV,Greenbrier,32149,46.9,20.8,17.3,35.0,40.4
54027,WV,Hampshire,23649,46.0,20.3,16.9,33.9,39.2
54029,WV,Hancock,28145,46.3,18.6,16.6,32.2,44.0
54031,WV,Hardy,14251,48.7,21.6,19.0,36.3,41.9
54033,WV,Harrison,64639,43.0,18.8,15.6,30.4,40.2
54035,WV,Jackson,27593,46.5,19.7,17.2,34.5,42.8
54037,WV,Jefferson,59787,40.5,15.1,13.4,26.4,38.3
54039,WV,Kanawha,174805,46.2,18.9,15.6,32.3,40.3
54041,WV,Lewis,16500,44.2,21.2,16.9,34.7,40.3
54043,WV,Lincoln,19701,47.2,24.6,18.5,36.2,45.6
54045,WV,Logan,30827,47.8,24.0,18.2,39.3,45.0
54047,WV,McDowell,17439,51.0,28.7,21.6,45.0,46.2
54049,WV,Marion,55807,41.9,17.7,14.7,29.8,42.1
54051,WV,Marshall,29405,45.7,20.4,16.4,33.3,37.5
54053,WV,Mason,24765,45.8,21.9,17.0,36.6,41.3
54055,WV,Mercer,58057,45.3,21.1,17.2,35.0,40.8
54057,WV,Mineral,26867,43.0,17.5,15.2,30.9,39.3
54059,WV,Mingo,22023,50.1,27.6,20.4,44.0,43.5
54061,WV,Monongalia,107718,31.9,13.9,10.8,22.9,31.9
54063,WV,Monroe,12382,47.7,20.5,17.9,35.7,41.1
54065,WV,Morgan,17649,46.7,19.4,16.8,33.4,39.2
54067,WV,Nicholas,24169,46.6,20.7,16.8,35.1,40.6
54069,WV,Ohio,41194,42.5,16.3,15.0,29.8,39.5
54071,WV,Pendleton,6029,48.4,19.3,18.2,34.6,36.5
54073,WV,Pleasants,7428,43.5,19.7,14.9,33.0,44.0
54075,WV,Pocahontas,7765,49.9,22.2,19.2,37.9,40.6
54077,WV,Preston,34099,43.1,20.6,15.3,31.9,37.7
54079,WV,Putnam,56962,43.7,16.3,14.1,28.6,38.3
54081,WV,Raleigh,72356,47.2,20.5,17.7,36.5,43.1
54083,WV,Randolph,27350,45.7,20.0,16.0,33.4,45.9
54085,WV,Ritchie,8167,47.6,23.3,17.9,38.3,42.9
54087,WV,Roane,13743,49.1,23.9,19.4,39.6,41.6
54089,WV,Summers,11581,48.9,22.6,19.4,38.9,39.8
54091,WV,Taylor,16388,44.9,20.5,15.9,34.7,42.0
54093,WV,Tucker,6604,48.1,18.5,16.9,33.3,39.3
54095,WV,Tyler,7919,48.0,20.2,17.6,34.9,42.8
54097,WV,Upshur,23529,44.9,20.9,16.5,35.0,36.6
54099,WV,Wayne,37686,46.5,21.5,16.9,35.7,42.6
54101,WV,Webster,8045,49.9,24.2,19.5,41.2,42.9
54103,WV,Wetzel,13890,45.6,20.6,16.7,36.9,42.4
54105,WV,Wirt,5000,47.6,21.4,18.1,36.0,42.8
54107,WV,Wood,83052,45.3,18.9,16.6,33.1,43.5
54109,WV,Wyoming,20277,49.7,24.6,18.7,39.9,44.6
55001,WI,Adams,21449,43.5,17.5,16.7,33.7,40.3
55003,WI,Ashland,16079,36.3,17.3,13.9,31.5,41.2
55005,WI,Barron,46833,36.6,15.4,13.2,29.6,38.3
55007,WI,Bayfield,16769,41.2,13.3,13.9,27.3,39.1
55009,WI,Brown,271417,31.5,13.4,10.5,27.1,41.1
55011,WI,Buffalo,13419,36.6,15.0,12.8,29.9,39.6
55013,WI,Burnett,17092,41.2,16.1,15.5,31.9,39.0
55015,WI,Calumet,53199,31.0,12.9,10.3,25.3,33.3
55017,WI,Chippewa,66970,34.7,15.6,11.7,28.2,41.7
55019,WI,Clark,34774,33.7,18.3,12.5,33.5,37.9
55021,WI,Columbia,58091,32.8,14.4,11.3,26.2,33.6
55023,WI,Crawford,15944,38.5,16.4,13.8,30.1,37.4
55025,WI,Dane,575347,25.6,9.8,8.2,20.5,32.4
55027,WI,Dodge,88231,33.4,14.9,11.3,28.4,42.8
55029,WI,Door,30562,38.8,11.9,13.0,27.0,36.6
55031,WI,Douglas,44264,35.5,14.3,11.7,27.2,41.0
55033,WI,Dunn,45794,29.9,13.7,9.9,26.6,38.8
55035,WI,Eau Claire,107903,29.0,12.6,9.4,24.4,30.0
55037,WI,Florence,4682,40.7,14.5,14.3,29.4,37.5
55039,WI,Fond du Lac,103948,34.4,14.8,11.5,29.1,43.8
55041,WI,Forest,9325,43.2,19.9,16.7,35.3,46.0
55043,WI,Grant,51409,31.7,15.0,11.5,31.1,40.9
55045,WI,Green,36951,35.9,13.6,11.3,26.5,40.3
55047,WI,Green Lake,19344,37.8,16.0,13.7,32.2,40.4
55049,WI,Iowa,23956,33.3,13.8,11.3,28.3,38.7
55051,WI,Iron,6228,39.6,14.8,14.8,30.4,34.7
55053,WI,Jackson,20855,38.1,17.7,13.4,31.4,40.4
55055,WI,Jefferson,85743,31.1,13.4,10.7,27.7,40.7
55057,WI,Juneau,26594,39.7,18.5,14.2,32.2,42.1
55059,WI,Kenosha,167488,33.6,14.5,11.4,27.3,40.1
55061,WI,Kewaunee,20690,35.4,14.7,12.1,28.3,41.3
55063,WI,La Crosse,120486,30.0,12.6,10.1,25.1,37.5
55065,WI,Lafayette,16945,36.4,15.9,12.5,30.6,41.9
55067,WI,Langlade,19404,39.2,17.2,14.1,33.0,37.1
55069,WI,Lincoln,28405,38.4,16.0,13.1,30.2,42.8
55071,WI,Manitowoc,81331,36.9,14.9,12.2,30.3,39.1
55073,WI,Marathon,138612,34.4,14.3,10.9,27.9,36.3
55075,WI,Marinette,42106,38.2,16.1,13.9,30.2,37.8
55077,WI,Marquette,15838,40.6,17.0,14.6,32.9,43.4
55078,WI,Menominee,4226,38.9,23.4,18.2,36.8,45.4
55079,WI,Milwaukee,916205,35.2,14.6,13.1,27.8,38.6
55081,WI,Monroe,46151,36.0,17.1,12.8,32.0,44.4
55083,WI,Oconto,39775,37.1,15.7,12.9,29.8,42.7
55085,WI,Oneida,38226,39.1,14.1,13.8,26.8,35.2
55087,WI,Outagamie,193234,33.3,12.7,10.3,25.6,36.6
55089,WI,Ozaukee,93460,30.3,10.3,10.1,22.1,30.3
55091,WI,Pepin,7441,36.3,14.2,12.4,27.8,36.6
55093,WI,Pierce,43026,30.8,13.0,9.8,24.7,33.2
55095,WI,Polk,45762,36.1,14.3,12.4,27.0,35.6
55097,WI,Portage,71024,29.0,12.8,9.6,24.6,35.1
55099,WI,Price,14102,40.1,16.7,14.8,31.7,42.5
55101,WI,Racine,196613,34.6,14.7,12.5,31.2,42.3
55103,WI,Richland,17197,37.2,16.4,13.6,31.7,37.5
55105,WI,Rock,164278,33.4,14.7,12.3,29.6,41.9
55107,WI,Rusk,14143,39.7,17.5,14.9,31.4,41.1
55109,WI,St. Croix,96763,32.0,12.6,9.6,24.1,36.3
55111,WI,Sauk,65920,34.0,14.9,12.3,29.8,40.4
55113,WI,Sawyer,18552,41.4,17.3,15.2,31.3,34.3
55115,WI,Shawano,41109,35.9,16.7,12.9,30.0,40.4
55117,WI,Sheboygan,117752,35.4,13.7,11.5,29.0,36.6
55119,WI,Taylor,20058,37.3,16.3,12.8,32.1,44.3
55121,WI,Trempealeau,30899,35.3,15.8,12.3,29.0,41.3
55123,WI,Vernon,31170,36.5,16.1,12.9,29.6,38.8
55125,WI,Vilas,23885,41.6,14.2,13.8,28.7,38.4
55127,WI,Walworth,105822,32.7,12.8,11.2,26.1,38.4
55129,WI,Washburn,16930,40.4,15.7,14.4,30.9,35.6
55131,WI,Washington,138168,32.9,12.1,10.5,22.7,36.4
55133,WI,Waukesha,412591,33.6,10.3,10.5,21.0,33.4
55135,WI,Waupaca,51388,36.7,15.7,13.1,28.7,38.2
55137,WI,Waushara,24934,39.1,16.5,14.4,32.0,39.7
55139,WI,Winnebago,171735,32.4,14.2,11.2,27.7,40.0
55141,WI,Wood,73939,35.9,15.5,12.6,28.2,40.0
56001,WY,Albany,38257,25.4,10.5,7.5,17.5,27.0
56003,WY,Big Horn,12018,35.7,15.7,12.6,28.0,33.8
56005,WY,Campbell,47498,29.6,15.3,9.9,25.9,35.9
56007,WY,Carbon,14334,34.6,15.6,12.9,30.5,38.6
56009,WY,Converse,13809,34.3,15.4,11.5,26.4,37.3
56011,WY,Crook,7592,34.4,13.5,11.5,24.5,32.6
56013,WY,Fremont,39815,35.4,16.4,12.4,27.2,33.9
56015,WY,Goshen,12642,35.8,13.9,12.3,27.0,36.8
56017,WY,Hot Springs,4661,39.1,14.9,14.5,28.4,35.1
56019,WY,Johnson,8759,37.1,14.7,13.1,28.4,35.6
56021,WY,Laramie,100984,30.3,13.3,10.5,27.5,33.8
56023,WY,Lincoln,20880,34.5,14.1,11.4,24.5,35.4
56025,WY,Natrona,79941,30.2,14.9,11.1,26.3,36.6
56027,WY,Niobrara,2354,36.4,16.1,13.0,30.2,36.3
56029,WY,Park,30735,34.0,12.5,11.7,24.9,31.5
56031,WY,Platte,8546,38.7,15.0,13.5,29.3,35.8
56033,WY,Sheridan,32519,34.0,12.9,10.9,22.9,30.6
56035,WY,Sublette,8969,34.4,12.7,11.2,24.3,33.3
56037,WY,Sweetwater,41249,31.1,16.1,11.1,27.2,36.3
56039,WY,Teton,23232,27.0,9.2,8.4,18.3,24.0
56041,WY,Uinta,20745,31.6,14.8,11.0,25.9,34.4
56043,WY,Washakie,7710,36.1,15.4,13.7,30.2,33.3
56045,WY,Weston,6808,34.6,15.7,12.6,28.3,35.7
